Company Names,Cars Names,Engines,/Battery Capacity,HorsePower,Total Speed,Acel_0-100,Cars Prices,Fuel Types,Seats,Torque
Tata Motors,Nano GenX,624 MPFI,624,37,105,29,4,Petrol,4,51
Tata Motors,Indica V2 Xeta,1.2L MPFI Petrol,1193,65,140,16,5,Petrol,5,100
Tata Motors,Indica eV2,1.4L CR4 Diesel,1396,70,155,16,"6,2",Diesel,5,140
Tata Motors,Indigo eCS,1.4L CR4 Diesel,1396,70,155,16.5,"6,5",Diesel,5,140
Tata Motors,Indigo LX,1.4L CR4 Diesel,1396,70,150,17,7,Diesel,5,140
Tata Motors,Indigo GLX,1.4L MPFI Petrol,1396,85,160,15,"7,2",Petrol,5,115
Tata Motors,Tiago,1.2L Revotron 3-cylinder Petrol,1199,86,170,13,"8,2",Petrol,5,113
Tata Motors,Indigo Marina,1.4L CR4 Diesel / 1.4L Petrol,1396,75,150,17,"8,3",Diesel/Petrol,5,120
Tata Motors,Zest,1.3L Quadrajet Diesel / 1.2L Revotron Petrol,1248  / 1199,85,165,15,"8,7",Diesel/Petrol,5,160
Tata Motors,Manza,1.3L Quadrajet Diesel / 1.4L Petrol,1248  / 1368,90,160,14,9,Diesel/Petrol,5,160
Tata Motors,Tiago NRG,1.2L Revotron 3-cylinder Petrol,1199,86,170,13.5,"9,2",Petrol,5,113
Tata Motors,Tigor,1.2L Revotron 3-cylinder Petrol,1199,86,170,13,"9,4",Petrol,5,113
Nissan,Rasheen,1.5L Inline-4,1497,105,165,13.0,10,Petrol,5,135
Mazda,Carol,660 Inline-3,660,63,140,15.5,10,Petrol,4,90
Mazda,Scrum,660 Inline-3,660,63,130,15,10,Petrol,4,85
Mazda,Spiano,660 Inline-3,660,54,130,16,10,Petrol,4,80
Nissan,Clipper,660 Inline-3,659,48,110,18.5,10,Petrol,4,62
Mazda,Carol P360,0.36L Inline-2,360,26,85,35,10,Petrol,4,45
MARUTI SUZUKI,SWIFT,"1.2L,4-CYLINDER,INLINE-4(I4)","1,197",83,160,12.2,"10,4",Petrol,5,113
Tata Motors,Altroz,1.2L Revotron Petrol / 1.5L Diesel,1199  / 1497,80,170,12,"10,4",Petrol/Diesel,5,150
Tata Motors,Punch,1.2L Revotron Petrol,1199,86,160,16,"10,5",Petrol,5,113
Mazda,Revue,1.3L Inline-4,"1,3",75,130,15.5,11,Petrol,5,110
Tata Motors,Tiago EV,Permanent Magnet Synchronous,24,74,120,5.7,11,Electric,5,114
Tata Motors,Tiago EV,Permanent Magnet Synchronous,24,74,120,5.7,11,Electric,5,114
Mazda,Scrum Wagon,0.66L Inline-3,657,64,120,15.5,11,Petrol,4,95
Mazda,1200,1.2L Inline-4,"1,2",60,130,16.0,11,Petrol,4,90
Mitsubishi,Toppo BJ,0.7L 3-Cylinder,660,52,130,15.0,11,Petrol,4,60
Mitsubishi,eK Space,0.7L 3-Cylinder,660,52,130,15.0,11,Petrol,4,60
Mitsubishi,Town Box,0.7L 3-Cylinder,660,48,120,16.0,11,Petrol,4,60
Tata Motors,Altroz DCA,1.2L Revotron 3-cylinder Petrol,1199,86,170,12.5,"11,3",Petrol,5,113
MARUTI SUZUKI,DZIRE,"1.2L,4-CYLINDER,INLINE-4(I4)","1,197",83,160,12.2,"11,4",Petrol/Diesel,5,113
Tata Motors,Altroz CNG,1.2L Revotron Bi-Fuel,1199,86,165,12,"11,8",CNG/Petrol,5,113
Nissan,Lucino,1.6L Inline-4,1597,115,185,10.5,12,Petrol,5,150
Tata Motors,Altroz iTurbo,1.2L Turbocharged Petrol,1199,110,180,10,12,Petrol,5,140
Nissan,Magnite,1.0L Turbocharged Inline-3,999,100,160,13.0,12,Petrol,5,160
Nissan,March,1.2L Inline-3,1198,79,170,13.7,12,Petrol,5,106
Volkswagen,Fox,1.2L I4 Gas / 1.4L I4 Gas,1198  / 1390,60,148,17.5,12,Petrol,5,93
HYUNDAI,I10,"1.2L,4-CYLINDER,INLINE-4(I4)","1,197",87,160,12.2,"12,4",Petrol,5,120
Nissan,Latio,1.5L Inline-4,1498,102,175,11.5,13,Petrol,5,139
Mazda,Familia Sedan,1.5L Inline-4,"1,5",100,175,11.0,13,Petrol,5,135
Mazda,Porter,1.5L Inline-4,"1,497",95,130,14.0,13,Petrol,2,130
Ford,KA+,1.2L Petrol,"1,2",85,165,10.5,13,Petrol,5,130
Mazda,1500,1.5L Inline-4,"1,5",85,145,14.0,13,Petrol,5,120
Mazda,121,1.3L Inline-4,"1,3",70,155,13.0,13,Petrol,5,110
Mitsubishi,eK X,0.7L 3-Cylinder,660,64,140,13.5,13,Petrol,4,94
Mitsubishi,i (Kei Car),0.7L 3-Cylinder,660,64,130,15.5,13,Petrol,4,94
Mazda,Autozam AZ-1,657 Turbocharged Inline-3,657,63,140,11.0,13,Petrol,2,85
Tata Motors,Nexon,1.2L Turbo Petrol / 1.5L Diesel,1199  / 1497,110,180,10,14,Petrol/Diesel,5,210
Volkswagen,Polo Vivo,1.4L I4 Gas / 1.6L I4 Gas,1390  / 1598,105,170,10.8,14,Petrol,5,132
Nissan,Terrano XL,1.6L Inline-4,1598,104,165,12.5,14,Petrol,5,145
Nissan,Cherry,1.4L Inline-4,1397,67,145,14.0,14,Petrol,5,110
Chevrolet,Spark LS,1.4L Inline-4 Gasoline,1400,98,180,10.9,"14,395",Petrol,5,127
MARUTI SUZUKI,BREZZA,"1.5L,4-CYLINDER,INLINE(I4)","1,462",103,180,11.5,"14,4",Petrol,5,200
Nissan,Tiida,1.6L Inline-4,1598,126,190,10.1,"14,5",Petrol,5,154
Nissan,Cube,1.8L Inline-4,1798,122,175,10.6,"14,5",Petrol,5,171
Nissan,Almera,1.0L Turbocharged Inline-3,999,100,185,10.7,"14,5",Petrol,5,160
Tata Motors,Tigor EV,Permanent Magnet Synchronous,26,74,120,5.7,"14,5",Electric,5,114
Chevrolet,Spark,1.4L Inline-4 Gasoline,1400,98,180,10.7,"14,595",Petrol,5,127
HYUNDAI,Aent,1.6L Inline-4,"1,6",120,180,9.8,15,Petrol,5,151
Nissan,Sunny,1.6L Inline-4,1598,118,180,11.0,15,Petrol,5,156
Nissan,Almera Tino,1.8L Inline-4,1769,114,180,12.5,15,Petrol,5,160
Mazda,Verisa,1.5L Inline-4,"1,5",113,170,11.0,15,Petrol,5,140
Volkswagen,Santana,1.5L I4 Gas,1498,110,190,12.9,15,Petrol,5,145
Mazda,Capella,1.6L Inline-4,"1,6",110,175,11.2,15,Petrol,5,145
Mazda,Demio,1.5L SkyActiv-G,"1,5",108,180,10.2,15,Petrol,5,142
Mazda,323F,1.6L Inline-4,"1,6",105,180,10.5,15,Petrol,5,145
Mazda,Etude,1.6L Inline-4,"1,598",105,170,10.0,15,Petrol,5,135
Mazda,818,1.6L Inline-4,"1,6",100,170,12.5,15,Petrol,5,130
Mazda,Persona,1.5L Inline-4,"1,497",92,160,13.5,15,Petrol,5,130
Ford,KA+,1.2L Petrol,"1,2",85,165,10.5,15,Petrol,5,125
Tata Motors,Sumo Gold,3.0L CR4 Diesel,2956,85,125,17.6,15,Diesel,7,250
Volkswagen,Up!,Electric,32.3,82,160,13.0,15,Petrol,4,95
Mitsubishi,Space Star,1.2L MIVEC,"1,2",78,170,12.0,15,Petrol,5,100
Mitsubishi,Attrage,1.2L MIVEC,"1,2",78,170,12.5,15,Petrol,5,100
Mitsubishi,Mirage ES,1.2L MIVEC,"1,2",78,170,12.5,15,Petrol,5,100
Volkswagen,Lupo,1.4L I3 Gas / 1.2L Diesel I3,1390  / 1199,60,170,14.3,15,Petrol,4,120
HONDA,CITY,I4,"1,497",119,180,10.2,"15,4",Petrol/Hybrid,5,145
HYUNDAI,I20,"1.4L,4-CYLINDER,INLINE-4(I4)","1,396",99,180,10.5,"15,4",Petrol/Hybrid,5,250
Nissan,Terrano,1.5L Inline-4 Diesel,1461,110,168,13.5,"15,5",Diesel,5,248
Nissan,Micra,1.0L Turbocharged Inline-3,999,100,175,10.8,"15,5",Petrol,5,160
Mitsubishi,Dion,2.0L 4-Cylinder,2,135,180,11.5,16,Petrol,7,181
Mazda,Luce,1.8L Rotary,"1,8",135,180,10.5,16,Petrol,5,170
Mazda,Protegé,1.8L Inline-4,"1,8",125,185,9.0,16,Petrol,5,170
Mazda,Bongo Truck,2.0L Inline-4,"1,998",120,130,15.0,16,Petrol,2,150
Mazda,Eunos Roadster,1.6L Inline-4,"1,59",116,180,9.5,16,Petrol,2,140
Mazda,RX-3,1.2L Rotary,"1,2",110,180,8.9,16,Petrol,4,145
Nissan,Note,1.2L Inline-3 Hybrid,1198,109,170,11.5,16,Hybrid,5,150
Nissan,AD Wagon,1.5L Inline-4,1498,105,165,12.3,16,Petrol,5,150
Mitsubishi,Colt,1.1L / 1.5L MIVEC,"1,100 - 1,500 ",95,180,10,16,Petrol,5,160
Mazda,AZ-Offroad,1.3L Inline-4,"1,298",85,145,12.0,16,Petrol,5,130
Mazda,T1500,1.5L Inline-4,"1,5",75,120,18.0,16,Petrol,2,105
MAHINDRA,SCORPIO,"2.2L,4-CYLINDER,INLINE-4(I4)","2,179",140,160,11.2,"16,4",Diesel,7,280
Tata Motors,Sumo Grande,2.2L Dicor Diesel,2179,118,140,15,"16,5",Diesel,7,250
Nissan,Versa,1.6L Inline-4,1598,122,180,10.4,"16,7",Petrol,5,154
Chevrolet,Sonic,1.4L Turbo Inline-4 Gasoline,1400,138,190,8.5,"16,72",Petrol,5,200
Kia,Rio,1.6L 4-Cylinder,1591,120,180,10.3,17,Petrol,5,151
Mitsubishi,Mirage,1.2L MIVEC,"1,2",78,170,12.0,17,Petrol,5,100
Kia,Rio S,1.6L 4-Cylinder,1591,120,180,10.3,"17,5",Petrol,5,151
Nissan,Presea,1.8L Inline-4,1838,115,170,11.5,"17,5",Petrol,5,161
Chevrolet,Spark Activ,1.4L Inline-4 Gasoline,1400,98,180,11.0,"17,595",Petrol,5,127
Nissan,NX Coupe,1.8L Inline-4,1839,140,200,9.0,18,Petrol,4,180
HYUNDAI,Ioniq,1.6L Inline-4,"1,6",139,160,8.5,18,Hybrid/Electric,5,295
Nissan,Sylphy,1.8L Inline-4,1798,137,190,9.6,18,Petrol,5,174
Nissan,Wingroad,1.8L Inline-4,1798,125,175,10.8,18,Petrol,5,168
HYUNDAI,Venue,1.6L Inline-4,"1,6",121,180,9.5,18,Petrol,5,240
Volkswagen,Polo,1.0L Turbo I3 / 1.6L Diesel,999  / 1598,120,190,9.5,18,Petrol,5,175
Kia,Rio 5-Door,1.6L 4-Cylinder,1591,120,180,10.3,18,Petrol,5,151
Kia,Rio 5-Door S,1.6L 4-Cylinder,1591,120,180,10.3,18,Petrol,5,151
Nissan,Prairie,2.0L Inline-4,1998,120,175,11.0,18,Petrol,5,170
Volkswagen,Up! Cabriolet,1.0L I3 Turbo,999,115,160,12.4,18,Petrol,4,95
Nissan,100NX,1.6L Inline-4,1597,110,185,9.6,18,Petrol,4,135
Nissan,Sunny California,1.6L Inline-4,1597,110,170,11.0,18,Petrol,5,140
Volkswagen,Vento,1.6L I4 Gas / Diesel,1598,105,186,11.7,18,Petrol,5,153
Nissan,Violet,1.8L Inline-4,1770,85,155,13.8,18,Petrol,5,130
Mitsubishi,Mirage G4,1.2L MIVEC,"1,2",78,170,12.0,18,Petrol,5,100
TOYOTA,AYGO X,"1.0L,INLINE-3",998,71,160,14.8,18,Petrol,4,93
MAHINDRA,XUV500,"2.2L,4-CYLINDER,INLINE-4(I4)","2,179",155,180,10.5,"18,4",Diesel,7,400
HYUNDAI,ELANTRA,"2.0L,4-CYLINDER,INLINE-4(I4)","1,999",147,200,9.5,"18,4",Petrol/Hybrid,5,250
TOYOTA,YARIS,I4,"1,496",106,180,11.2,"18,4",Petrol,5,150
Nissan,Hardbody SUV,2.5L Inline-4,2498,158,175,11.0,"18,5",Petrol,5,225
Kia,Forte FE,2.0L 4-Cylinder,1999,147,190,9.2,"18,5",Petrol,5,179
Nissan,Bluebird Sylphy,2.0L Inline-4,1997,133,185,10.5,"18,5",Petrol,5,191
Nissan,Stanza,1.8L Inline-4,1796,120,175,11.0,"18,5",Petrol,5,170
Mitsubishi,Lancer GLX,1.6L MIVEC,"1,6",115,190,11.5,"18,5",Petrol,5,154
HYUNDAI,Tiburon,2.0L Inline-4,2,160,200,8.2,19,Petrol,4,320
Mitsubishi,Galant Fortis,2.0L MIVEC,2,154,200,10.0,19,Petrol,5,200
Kia,Forte LXS,2.0L 4-Cylinder,1999,147,190,9.2,19,Petrol,5,179
Mazda,626,2.0L Inline-4,2,140,190,9.5,19,Petrol,5,180
Tata Motors,Aria,2.2L Dicor Diesel,2179,138,162,13,19,Diesel,7,320
Mazda,MX-3,1.6L Inline-4,"1,598",130,190,8.5,19,Petrol,4,140
Mazda,Rotary Pickup,1.3L Wankel Rotary Engine,"1,308",130,150,14.5,19,Petrol,2,160
Nissan,Pulsar,1.2L Turbocharged Inline-4,1197,115,190,10.7,19,Petrol,5,190
Mazda,Capella Cargo,2.0L Inline-4,2,115,180,12.0,19,Petrol,4,160
Mazda,T2000,2.0L Inline-4,2,110,170,12.5,19,Petrol,2,160
Mazda,Mazda2,1.5L 4-Cylinder,"1,5",108,180,10.2,19,Petrol,5,142
Mazda,Bongo Van,2.0L Inline-4,2,100,160,14.0,19,Petrol/Diesel,3,140
HYUNDAI,Elantra,2.0L Inline-4,2,147,210,8.3,"19,95",Petrol/Hybrid,5,250
Nissan,Silvia S13,1.8L Turbo Inline-4,1809,175,215,6.8,20,Petrol,4,230
Mazda,MX-6,2.5L V6,"2,5",164,210,8.8,20,Petrol,4,215
Mazda,Cronos,2.5L V6,"2,5",160,190,8.5,20,Petrol,5,210
Tata Motors,Hexa,2.2L Varicor Diesel,2179,154,180,12,20,Diesel,7,400
Volkswagen,Beetle,2.0L Turbo I4,1984,150,205,7.0,20,Petrol,4,240
Nissan,Paladin,2.4L Inline-4,2438,150,180,10.6,20,Petrol,5,217
NISSAN,SENTRA,I4,"1,998",149,200,8.2,20,Petrol,5,240
Nissan,Primera,2.0L Inline-4,1998,140,200,9.6,20,Petrol,5,190
Nissan,Avenir,2.0L Inline-4,1998,140,180,9.8,20,Petrol,5,186
Ford,Fiesta,1.0L EcoBoost / 1.5L,"1,000 - 1,500 ",138,200,7.0,20,Petrol,5,250
Mazda,Premacy,2.0L Inline-4,2,138,190,9.8,20,Petrol,7,180
Volkswagen,Bora,1.6L I4 Gas / 1.9L I4 Diesel,1598  / 1896,130,200,9.4,20,Petrol,5,220
Nissan,Kicks,1.6L Inline-4,1598,122,180,10.7,20,Petrol,5,154
Volkswagen,Up! GTI,1.0L Turbo I3,999,115,196,8.8,20,Petrol,4,200
Volkswagen,Polo TDI,1.4L I4 Diesel / 1.6L Diesel,1390  / 1598,95,190,9.9,20,Diesel,5,250
Volkswagen,Polo BlueMotion,1.2L Diesel I3,1199,95,190,10.5,20,Diesel,5,210
Peugeot,301 Sedan,Inline-4,"1,199",82,180,12.0,20,Petrol,5,115
Nissan,Figaro,1.0L Turbo Inline-4,987,76,170,12.8,20,Petrol,4,103
Volkswagen,Volkswagen Lupo 3L,1.2L Diesel I3,1199,61,165,14.5,20,Diesel,4,140
HONDA,CIVIC,I4,"1,996",158,200,8.5,"20,4",Petrol,5,400
MAHINDRA,THAR,"2.0L,4-CYLINDER,INLINE-4(I4)","1,997",150,180,10.5,"20,4",Petrol/Diesel,4,320
Kia,Soul S,2.0L 4-Cylinder,1999,147,190,9.5,"20,5",Petrol,5,179
HYUNDAI,Kona,1.6L PETROL,"1,591",147,185,10. 5,"20,5",Petrol/EV,5,400
Mazda,Astina,1.8L Inline-4,"1,8",140,190,8.5,21,Petrol,5,160
Mitsubishi,Space Runner,1.8L MIVEC,"1,8",140,185,10.5,21,Petrol,5,170
Mitsubishi,Chariot,2.0L MIVEC,2,140,185,10.5,21,Petrol,7,170
Mazda,Familia Astina,1.8L Inline-4,"1,8",135,200,8.5,21,Petrol,5,170
Mazda,Bongo Friendee,2.5L Inline-4,"2,5",115,160,12.5,21,Petrol/Diesel,7,160
Volkswagen,Jetta,1.5L Turbo I4,1498,150,210,7.7,"21,995",Petrol,5,250
HYUNDAI,Elantra GT,1.6L Turbo GDI 4-cylinder,2,160,200,8.3,22,Petrol,5,320
Nissan,Cedric,2.0L Inline-6,1998,150,190,10.5,22,Petrol,5,190
Kia,Soul EX,2.0L 4-Cylinder,1999,147,190,9.5,22,Petrol,5,179
Nissan,NX Coupe,2.0L Inline-4,1998,140,200,9.0,22,Petrol,4,180
Nissan,Stanza Wagon,2.4L Inline-4,2389,138,160,12.0,22,Petrol,7,205
Tata Motors,Nexon EV Prime,Permanent Magnet Synchronous,30.2,129,120,9.4,22,Electric,5,245
Peugeot,2008 Active,Inline-4,"1,199",100,190,11.2,22,Petrol,5,205
Peugeot,208 Sedan,Inline-4,"1,199",100,190,11.2,22,Petrol,5,205
Volkswagen,Polo BlueMotion,1.2L Diesel I3,1199,95,190,10.5,22,Diesel,5,250
Volkswagen,Polo Beats,1.0L I3 Turbo,999,95,187,9.5,22,Petrol,5,175
Nissan,Laurel,2.8L Inline-6 Diesel,2825,94,160,12.5,22,Diesel,5,184
Peugeot,208,Inline-4,"1,199",82,180,10.5,22,Petrol,5,160
Ford,Focus,1.0L EcoBoost / 1.5L / 2.0L,"1,000 - 2,000 ",178,220,6.5,"22,5",Petrol,5,300
Mitsubishi,Airtrek,2.4L 4-Cylinder,"2,4",160,190,11.0,"22,5",Petrol,5,214
Mitsubishi,Lancer SE Limited,2.0L MIVEC,2,148,200,10.0,"22,5",Petrol,5,197
Kia,Forte EX Premium,2.0L 4-Cylinder,1999,147,190,9.2,"22,5",Petrol,5,179
Kia,Forte Limited Edition,2.0L 4-Cylinder,1999,147,190,9.2,"22,5",Petrol,5,179
Mazda,CX-3,2.0L SkyActiv-G,2,146,180,9.5,"22,5",Petrol,5,197
Mazda,B-Series Pickup,2.5L Diesel,"2,5",143,170,11.5,"22,5",Diesel,5,330
Mitsubishi,Lancer EX,1.6L MIVEC / 2.0L,"1,600 - 2,000 ",140,200,10.0,"22,5",Petrol,5,170
Ford,EcoSport,1.0L Turbo Inline-3 / 2.0L,"1,000 - 2,000 ",140,180,9.0,"22,5",Petrol,5,185
TOYOTA,COROLLA,I4,"1,798",139,180,9.4,"22,5",Petrol/Hybrid,5,200
Mitsubishi,Grand Lancer,1.8L MIVEC,"1,8",138,190,11.5,"22,5",Petrol,5,173
Mazda,RX-2,1.3L Inline-2 (Wankel),"1,308",130,185,8.5,"22,5",Petrol,4,220
Mazda,Roadpacer AP,1.3L Rotary,"1,3",130,170,11.5,"22,5",Petrol,5,165
Mazda,Proceed Marvie,2.6L Inline-4,"2,6",120,160,12.0,"22,5",Petrol,5,200
Mazda,Parkway,1.8L Inline-4,"1,8",115,160,12.5,"22,5",Petrol,5,155
Mitsubishi,Xpander Cross,1.5L MIVEC,"1,5",105,170,12.0,"22,5",Petrol,7,141
Mitsubishi,Xpander,1.5L MIVEC,"1,5",105,170,13.5,"22,5",Petrol,7,141
Peugeot,Partner,Diesel I4,"1,56",75,160,12.0,"22,5",Diesel,5,200
Volkswagen,Golf,1.5L Turbo I4 / Electric,1498  / 40 - 58,211,210,8.5,23,Petrol,5,250
Ford,Fiesta ST,1.5L Turbo Inline-3,"1,5",200,230,6.5,23,Petrol,5,290
Tata Motors,Harrier,2.0L Kryotec Turbocharged Diesel,1956,168,180,11,23,Diesel,5,350
Kia,Soul GT Designer Edition,2.0L 4-Cylinder,1999,147,190,9.5,23,Petrol,5,179
Kia,Seltos LX,2.0L 4-Cylinder,1999,146,190,9.2,23,Petrol,5,179
Nissan,Bluebird Z,2.0L Inline-4,1998,140,190,11.0,23,Petrol,5,180
Volkswagen,Up! e-up!,Electric,32.3,83,130,11.9,23,Electric,4,210
Chevrolet,Trailblazer,1.3L Turbo Inline-3 Gasoline,1300,155,200,9.4,"23,1",Petrol,5,236
Kia,Soul EX Designer Edition,2.0L 4-Cylinder,1999,147,190,9.5,"23,5",Petrol,5,179
Kia,Seltos EX,2.0L 4-Cylinder,1999,146,190,9.0,"23,5",Petrol,5,179
Peugeot,301,Inline-4,"1,598",115,185,10.0,"23,5",Petrol,5,150
Nissan,Sunny NISMO Edition,1.6L Turbo Inline-4,1598,190,200,7.5,24,Petrol,5,240
Volkswagen,Taos,1.5L I4 Turbo,1498,158,193,8.4,24,Petrol,5,250
Volkswagen,Taigo,1.5L Turbo I4,1498,135,183,10.0,24,Petrol,5,200
TOYOTA,COROLLA SEDAN HYBRID,"1.8L,HYBRID","1,798",134,180,10.0,24,Hybrid,5,300
Chevrolet,Trax LT,1.2L Turbo Inline-3 Gasoline,1200,137,200,9.2,"24,1",Petrol,5,220
TOYOTA,C-HR,I4,"1,986",144,200,10.2,"24,4",Petrol/Hybrid,5,250
Nissan,Rogue Sport,2.0L Inline-4,1997,141,190,9.8,"24,96",Petrol,5,199
HYUNDAI,Veloster,2.0L Inline-4,2,275,220,6,25,Petrol,4,264
Kia,Forte GT-Line,1.6L Turbocharged 4-Cylinder,1591,201,200,6.5,25,Petrol,5,264
Nissan,200SX,2.0L Turbo Inline-4,1998,200,225,7.0,25,Petrol,4,260
HYUNDAI,Sonata,2.5L Inline-4,"2,5",191,240,8,25,Petrol/Hybrid,5,250
Ford,Maverick Hybrid,I4 Hybrid,"2,500  (petrol) + Electric Motor",191,180,7.8,25,Hybrid,5,210
Volkswagen,Corrado,2.9L VR6,2861,190,235,6.4,25,Petrol,4,245
NISSAN,ALTIMA,I4,"2,488",188,225,7.3,25,Petrol,5,380
Volkswagen,Beetle Final Edition,2.0L I4 Turbo,1984,174,205,7.0,25,Petrol,4,250
Volkswagen,ID.2,Electric,~50  (Estimate),170,160,8.0,25,Electric,5,220
Chevrolet,Malibu,1.5L Turbo Inline-4 Gasoline,1500,160,210,8.0,25,Petrol,5,250
Volkswagen,Passat,2.0L Turbo I4,1984,150,210,7.8,25,Petrol,5,250
Tata Motors,Nexon EV Max,Permanent Magnet Synchronous,40.5,143,140,9,25,Electric,5,250
TOYOTA,CELICA,I4,"1,986",140,200,8.5,25,Petrol,5,250
Volkswagen,Caddy Maxi,2.0L Diesel I4,1968,140,180,12.0,25,Diesel,7,250
Nissan,Hardbody Truck,2.4L Inline-4,2389,134,160,10.6,25,Petrol,5,206
Peugeot,308 Allure,Inline-4,"1,199",130,205,9.3,25,Petrol,5,230
Peugeot,2008 GT,Inline-4,"1,199",130,200,9.3,25,Petrol,5,230
Nissan,Mistral,2.7L Turbo Diesel,2663,125,160,12.5,25,Diesel,7,260
Volkswagen,T-Cross,1.0L Turbo I3 / 1.5L Turbo I4,999  / 1498,120,200,10.2,25,Petrol,5,250
Nissan,Juke,1.0L Turbocharged Inline-3,999,117,180,10.4,25,Petrol,5,180
TOYOTA,URBAN CRUISER TAISOR,"1.5L,HYBRID","1,49",114,170,11,25,Petrol,5,130
Peugeot,2008,Inline-4,"1,199",100,190,9.0,25,Petrol,5,205
Peugeot,Partner Tepee,Inline-4,"1,56",100,170,12.0,25,Diesel,5,260
Volkswagen,Golf Country,1.8L I4 Gas,1781,98,165,12.0,25,Petrol,5,170
Nissan,Datsun 510 (Classic),1.6L Inline-4,1595,96,175,10.2,25,Petrol,4,135
Nissan,Datsun 510,1.6L Inline-4,1595,96,175,10.2,25,Petrol,4,135
Nissan,Evalia,1.5L Inline-4 Diesel,1461,85,140,15.0,25,Diesel,7,200
Volkswagen,Karmann Ghia,1.2L I4 Gas,1192,50,138,23.0,25,Petrol,2,106
TOYOTA,COROLLA HATCHBACK XSE,"2.0L,INLINE-4","1,987",169,190,8.2,"25,39",Petrol,5,250
Kia,Forte GT Turbo,1.6L Turbocharged 4-Cylinder,1591,201,200,6.5,"25,5",Petrol,5,264
Tata Motors,Safari,2.0L Kryotec Turbocharged Diesel,1956,168,180,11,"25,5",Diesel,7,350
Chevrolet,Malibu LT,1.5L Turbo Inline-4 Gasoline,1500,160,210,8.5,"25,8",Petrol,5,250
Ford,Maverick,2.5L Hybrid / 2.0L EcoBoost,"2,500 - 2,000 ",250,180,6.5 - 8.0,26,Hybrid/Petrol,5,300
Mazda,Sentia,3.0L V6,3,200,200,9.0,26,Petrol,5,265
Mazda,Tribute,3.0L V6,3,200,190,9.0,26,Petrol,5,270
Mazda,Atenza,2.5L SkyActiv-G,"2,5",192,210,8.5,26,Petrol,5,252
KIA,SPORTAGE 2024(BASE MODEL),I4,"2,48",187,200,8.0,26,Petrol,5,250
Mazda,Mazda3 Hatchback,2.5L SkyActiv-G,"2,5",186,210,8.3,26,Petrol,5,252
Mazda,CX-30,2.5L SkyActiv-G,"2,5",186,204,8.7,26,Petrol,5,252
Mazda,CX-4,2.0L SkyActiv-G,2,158,190,9.6,26,Petrol,5,202
Nissan,Qashqai,1.3L Turbocharged Inline-4,1332,156,195,8.9,26,Petrol,5,260
Mazda,Mazda3,2.0L SkyActiv-G,2,155,200,8.9,26,Petrol,5,213
Mitsubishi,Eclipse Cross,1.5L Turbo,"1,5",152,180,9.8,26,Petrol,5,250
Mazda,Biante,2.0L Inline-4,2,150,185,10.0,26,Petrol,7,200
Mitsubishi,ASX (Outlander Sport),2.0L MIVEC,2,148,190,10.0,26,Petrol,5,197
Mitsubishi,ASX Dynamic,2.0L MIVEC,2,148,190,10.0,26,Petrol,5,197
Mitsubishi,RVR SE,2.0L MIVEC,2,148,190,10.5,26,Petrol,5,197
Mazda,Eunos 500,2.0L Inline-4,"1,998",135,200,9.0,26,Petrol,5,170
Volkswagen,Passat B7,1.6L Diesel / 2.0L I4 Turbo,1598  / 1984,120,220,8.5,26,Petrol,5,280
BMW,114i,I4,"1,598",102,195,11.2,26,Petrol,5,200
Mitsubishi,i-MiEV (Electric),Electric Motor,16  battery,66,130,15.0,26,Electric,4,196
HONDA,CIVIC HATCHBACK,I4,"1,498",180,220,6.8,"26,35",Petrol,5,300
Chevrolet,Camaro,2.0L Turbo Inline-4 Gasoline,2000,275,240,5.4,"26,4",Petrol,4,400
TOYOTA,TACOMA,I4,"2,694",159,180,9.5,"26,4",Petrol,5,400
KIA,SPORTAGE 2024(BASE FWD),I4,"2,48",187,200,8.5,"26,5",Petrol,5,250
Chevrolet,Equinox,1.5L Turbo Inline-4 Gasoline,1500,170,200,8.9,"26,6",Petrol,5,275
TOYOTA,PRIUS,I4,"1,798",121,180,10.5,"26,7",Hybrid,5,142
TOYOTA,CAMRY,V6,"3,5",301,220,6.0,27,Petrol/Hybrid,5,250
TOYOTA,TOYOTA 86,BOXER-4,"1,998",205,226,6.4,27,Petrol,2+2,205
KIA,SPORTAGE LX,I4,"2,48",187,200,8.0,27,Petrol,5,250
Volkswagen,Jetta SportWagen,1.4L I4 Turbo / 2.0L Diesel I4,1395  / 1968,150,200,8.5,27,Petrol,5,250
Peugeot,2008 Allure,Inline-4,"1,199",130,200,9.7,27,Petrol,5,230
Nissan,Cabstar,2.5L Inline-4 Diesel,2488,130,145,14.8,27,Diesel,3,350
Volkswagen,T-Cross R-Line,1.0L I3 Turbo / 1.5L I4 Turbo,999  / 1498,127,200,8.5,27,Petrol,5,250
BMW,114D,I3,"1,496",95,185,12.2,27,Diesel,5,270
TOYOTA,RAV4,I4,"2,494",203,200,8.1,"27,1",Petrol/Hybrid,5,400
Chevrolet,Bolt EV,Single Electric Motor,66,200,150,6.5,"27,495",Electric,5,360
Mazda,Millenia,2.3L Miller Cycle V6,"2,3",210,215,8.2,"27,5",Petrol,5,280
Mazda,929,3.0L V6,3,205,220,8.0,"27,5",Petrol,5,270
Mazda,MPV,3.0L V6,3,200,185,9.5,"27,5",Petrol,7,265
Mazda,Xedos 6,2.5L V6,"2,5",170,215,8.5,"27,5",Petrol,5,230
Mitsubishi,Grandis,2.4L MIVEC,"2,4",165,190,11.0,"27,5",Petrol,7,217
Mitsubishi,Colt CZC Convertible,1.5L Turbocharged,"1,5",147,200,9.5,"27,5",Petrol,4,210
Mazda,RX-5,1.6L Inline-2 (Wankel),"1,588",135,190,8.0,"27,5",Petrol,4,210
Mazda,Luce Rotary Coupe,1.3L Wankel Rotary Engine,"1,308",135,175,12.0,"27,5",Petrol,4,180
Mazda,Titan (Truck),3.0L Inline-4,3,130,120,15.0,"27,5",Diesel,2,300
Peugeot,208 GTI,Inline-4,"1,598",208,230,6.5,28,Petrol,5,300
Volkswagen,Polo GTI,2.0L Turbo I4,1984,204,238,6.7,28,Petrol,5,320
NISSAN,ROGUE,I4,"2,488",201,200,7.5,28,Petrol,5,270
Kia,Soul Turbo,1.6L Turbocharged 4-Cylinder,1591,201,200,6.5,28,Petrol,5,264
Acura,ILX Technology Plus,Inline-4,"2,4",201,200,6.6,28,Petrol,5,180
KIA,SPORTAGE 2024(S TRIM),I4,"2,48",187,200,8.2,28,Petrol,5,250
Volkswagen,Golf TDI,2.0L Diesel I4,1968,184,220,8.0,28,Diesel,5,350
Kia,Seltos Nightfall Edition,1.6L Turbocharged 4-Cylinder,1591,175,210,7.5,28,Petrol,5,264
Volkswagen,Jetta Hybrid,1.4L I4 Turbo + Electric Motor,1395,170,210,8.6,28,Hybrid,5,250
Volkswagen,Jetta Hybrid,1.4L I4 Turbo + Electric Motor,1395,170,210,8.6,28,Hybrid,5,250
Nissan,Terrano Regulus,3.3L V6,3275,170,175,10.0,28,Petrol,5,290
Volkswagen,Passat B8,1.5L I4 Turbo / 2.0L Diesel,1498  / 1968,150,210,8.7,28,Petrol,5,250
Nissan,NV200,2.0L Inline-4,1998,131,140,14.0,28,Petrol,7,188
Peugeot,308,Inline-4,"1,598",130,200,8.0,28,Petrol,5,230
Peugeot,308 Saloon,Inline-4,"1,199",130,200,9.0,28,Petrol,5,230
Peugeot,208 Allure Premium,Inline-4,"1,199",130,200,9.5,28,Petrol,5,230
Volkswagen,Caddy,1.5L Turbo I4,1498,130,185,10.5,28,"Petrol, Diesel",7,250
Nissan,NV350 Caravan,2.5L Inline-4 Diesel,2488,129,155,12.5,28,Diesel,8,356
Nissan,Terrano II,2.7L Inline-4 Diesel,2664,125,160,12.9,28,Diesel,5,278
Ford,Puma,Turbocharged Inline-3,1,123,191,9.6,28,Petrol,5,200
BMW,116i,I3,"1,499",109,200,10.9,28,Petrol,5,200
BMW,114D SPORT LINE,I3,"1,496",95,185,12.2,28,Diesel,5,270
Jeep,Renegade,1.3L Turbo I4 Gasoline,1300,177,200,8.7,"28,345",Petrol,5,285
Chevrolet,Equinox LT,1.5L Turbo Inline-4 Gasoline,1500,170,200,8.9,"28,4",Petrol,5,275
Kia,K5 EX,1.6L Turbocharged 4-Cylinder,1591,180,220,7.8,"28,5",Petrol,5,264
Nissan,X-Trail Hybrid,2.0L Inline-4 Hybrid,1997,179,180,9.4,"28,5",Hybrid,5,207
Kia,Seltos SX,1.6L Turbocharged 4-Cylinder,1591,175,210,7.5,"28,5",Petrol,5,264
Volkswagen,Tiguan,2.0L Turbo I4,1984,150,209,8.5,"28,505","Petrol, Hybrid",7,300
GMC,Terrain Elevation Edition,1.5L Turbocharged I4 engine,"1,49",170,200,9.3,"28,7",Petrol,5,275
Chevrolet,Bolt EV 2LT,Single Electric Motor,66,200,150,6.7,"28,795",Electric,5,360
Chevrolet,Bolt EUV,Single Electric Motor,66,200,150,7.0,"28,795",Electric,5,360
Nissan,X-Trail,1.5L Turbocharged Inline-3,1498,201,200,8.0,29,Hybrid,5,305
KIA,SPORTAGE 2024(BASE AWD),I4,"2,48",187,200,8.3,29,Petrol/AWD,5,250
Kia,K5 GT-Line,1.6L Turbocharged 4-Cylinder,1591,180,220,7.8,29,Petrol,5,264
TOYOTA,MR2,I4,"1,986",168,200,6.9,29,Petrol,2,400
BMW,116i EFFICIENTDYNAMICS,I4,"1,598",109,195,10.9,29,Petrol,5,200
Chevrolet,Colorado WT,2.7L Turbo Inline-4 Gasoline,2700,310,190,6.9,"29,2",Petrol,5,583
Ford,Transit Connect,Inline-4 Gasoline Engine,2,162,175,10.5,"29,365",Petrol,2–7,200
HONDA,AORD,I4,"1,498",192,201,7.1,"29,4",Petrol,5,370
GMC,Terrain,1.5L Turbo 4-cylinder,1500,175,190,9.5,"29,9",Petrol,5,275
NISSAN,370Z,V6,"3,696",332,250,4.7,30,Petrol,2,366
NISSAN,FRONTIER,V6,"3,799",310,180,6.8,30,Petrol,5,381
BMW,M135i XDRIVE,I4,"1,998",302,250,4.8,30,Petrol,5,450
Volkswagen,Polo GTI Clubsport,2.0L I4 Turbo,1984,300,240,6.7,30,Petrol,5,320
Ford,Focus ST,2.3L Turbo Inline-4,"2,3",280,250,5.7,30,Petrol,5,420
Ford,Ranger,2.3L Turbo Inline-4 / 2.7L V6,"2,300 - 2,700 ",270,180,6.0 - 7.0,30,Petrol/Diesel,5,500
Toyota,RAV4 (6th Gen),2.5L Hybrid / Plug-in Hybrid,2487  + batt,262,200,6.0 – 8.1,30,Hybrid / Plug-in,5,300
Mazda,CX-50,2.5L Turbocharged,"2,5",256,220,6.9,30,Petrol,5,434
Mazda,Mazda6,2.5L Turbocharged,"2,5",250,240,6.4,30,Petrol,5,420
Ford,Bronco Sport,1.5L EcoBoost / 2.0L EcoBoost,"1,500 - 2,000 ",250,185,7.0,30,Petrol,5,300
Mazda,CX-7,2.3L Turbocharged,"2,3",244,210,7.9,30,Petrol,5,350
Nissan,Pulsar GTI-R,2.0L Turbo Inline-4,1998,230,225,6.0,30,Petrol,5,280
TOYOTA,TOYOTA  GR86,BOXER-4,"2,387",228,226,5.6,30,Petrol,4,250
Mitsubishi,Endeavor,3.8L V6,"3,8",225,190,9.5,30,Petrol,5,343
Nissan,Gloria,2.5L V6,2498,210,210,8.6,30,Petrol,5,250
Volkswagen,Polo GTI Plus,2.0L I4 Turbo,1984,207,237,6.7,30,Petrol,5,320
Acura,ILX Premium,I4,"2,400  (I4)",201,200,6.6,30,Petrol,5,180
Acura,ILX Technology Package,Inline-4,"2,4",201,200,6.6,30,Petrol,5,180
Acura,ILX Special Edition,Inline-4,"2,4",201,200,6.6,30,Petrol,5,180
Nissan,200SX,2.0L Turbo Inline-4,1998,200,240,7.2,30,Petrol,4,265
Ford,Escape (Kuga),1.5L EcoBoost / 2.5L Hybrid,"1,500 - 2,500 ",200,190,7.5,30,Petrol/Hybrid,5,215
Mazda,BT-50,3.2L Turbo Diesel,"3,2",200,180,10.0,30,Diesel,5,470
Ford,Escape Hybrid,2.5L Inline-4 + Electric,"2,5",200,180,7.7,30,Hybrid,5,210
HONDA,CR-V,I4,"1,498",190,186,8.2,30,Petrol/Hybrid,5,400
Mazda,CX-5,2.5L SkyActiv-G,"2,5",187,200,8.8,30,Petrol,5,252
KIA,SPORTAGE EX,I4,"2,48",187,200,8.0,30,Petrol,5,250
Volkswagen,Golf Variant TDI,2.0L Diesel I4,1968,184,220,7.8,30,Diesel,5,350
Mazda,MX-5 Miata,2.0L SkyActiv-G,2,181,225,6.5,30,Petrol,2,205
Mitsubishi,Outlander ES,2.5L 4-Cylinder,"2,5",181,190,9.5,30,Petrol,7,245
Mitsubishi,Outlander,2.5L 4-Cylinder,"2,5",181,190,9.5,30,Petrol,7,245
Mitsubishi,Outlander SE,2.5L 4-Cylinder,"2,5",181,190,9.5,30,Petrol,7,245
Mitsubishi,Triton (L200),2.4L Diesel Turbo,"2,4",181,177,10.5,30,Diesel,5,430
Mitsubishi,Triton Athlete,2.4L Diesel Turbo,"2,4",181,177,10.5,30,Diesel,5,430
Mitsubishi,Triton GLX-R,2.4L Diesel Turbo,"2,4",181,177,10.5,30,Diesel,5,430
Peugeot,3008 Allure,Inline-4,"1,499",180,210,8.0,30,Petrol,5,250
Kia,Seltos X-Line Turbo,1.6L Turbocharged 4-Cylinder,1591,175,210,7.5,30,Petrol,5,264
Toyota,Corolla Cross,2.0L Gas / 2.0L Hybrid,1987  / Hybrid batt,169,190,8.5,30,Gas / Hybrid,5,200
Mazda,Savanna RX-7,1.3L Inline-2 (Wankel),"1,308",165,230,7.5,30,Petrol,2,230
Ford,Fusion (Mondeo),1.5L EcoBoost / 2.0L Hybrid,"1,500 - 2,000 ",160,220,7.5,30,Petrol/Hybrid,5,300
Mitsubishi,Eclipse Cross Black Edition,1.5L Turbo,"1,5",152,180,9.8,30,Petrol,5,250
Volkswagen,Passat Variant,1.5L I4 Turbo / 2.0L Diesel,1498  / 1968,150,220,8.5,30,Petrol,5,280
Volkswagen,Golf Cabriolet,1.2L I4 Turbo / 2.0L I4 Turbo,1197  / 1984,150,217,8.4,30,Petrol,4,200
Volkswagen,Golf Cabriolet,1.2L I4 Turbo / 2.0L I4 Turbo,1197  / 1984,150,217,8.4,30,Petrol,4,200
Volkswagen,T-Roc,2.0L Turbo I4,1984,150,205,7.2,30,Petrol,5,320
Volkswagen,Beetle Dune,1.4L I4 Turbo,1395,150,200,7.5,30,Petrol,4,250
Mitsubishi,ASX Exceed,2.0L MIVEC,2,148,190,10.0,30,Petrol,5,197
Volkswagen,Golf Sportsvan,1.5L Turbo I4,1498,140,210,8.9,30,Petrol,5,250
Kia,Niro EX,1.6L 4-Cylinder Hybrid,1591,139,180,10.5,30,Hybrid,5,265
Volkswagen,Golf TGI,1.5L I4 CNG,1498,130,220,8.8,30,Petrol,5,200
Peugeot,3008 Active,Inline-4,"1,499",130,200,10.0,30,Petrol,5,240
Nissan,Caravan Coach,2.5L Inline-4 Diesel,2498,127,140,14.0,30,Diesel,7,260
Peugeot,Expert,Diesel I4,"1,997",120,180,10.0,30,Diesel,3,300
Peugeot,Expert L2H1,Inline-4,"1,997",120,160,13.0,30,Diesel,3,320
BMW,116D,I3,"1,496",116,200,10.3,30,Diesel,5,280
BMW,116D EFFICIENTDYNAMICS,I3,"1,496",116,200,10.9,30,Diesel,5,270
HYUNDAI,Tucson,2.5L Inline-4,"2,5",187,180,6.1,"30,5",Petrol/Hybrid,5,400
Chevrolet,Colorado,2.7L Turbo Inline-4 Gasoline,2700,310,190,6.8,"30,695",Petrol,5,583
Ford,Flex,Naturally Aspirated V6,"3,5",287,200,7.9,31,Petrol,7,345
Volkswagen,Jetta GLI,2.0L I4 Turbo,1984,228,250,6.5,31,Petrol,5,350
Volkswagen,Jetta GLI 35th,2.0L I4 Turbo,1984,228,250,6.5,31,Petrol,5,350
GMC,Terrain SLT,1.5L Turbocharged I4 engine,"1,49",170,200,9.4,31,Petrol,5,275
BMW,116D ADVANTAGE,I3,"1,496",116,200,10.5,31,Diesel,5,270
TOYOTA,PRIUS PRIME,"2.0L,4-CYLINDER,WITH HYBRID SYSTEM","1,998",220,180,6.7,"31,1",Plug-in Hybrid,5,220
Jeep,Compass,2.0L Turbo Gasoline,2000,200,200,7.8,"31,59",Petrol,5,320
Chevrolet,Bolt EV Premier,Single Electric Motor,66,200,150,6.5,"31,7",Electric,5,360
Chevrolet,Equinox RS,1.5L Turbo Inline-4 Gasoline,1500,170,200,8.8,"31,9",Petrol,5,275
Volkswagen,Golf GTI,2.0L Turbo I4,1984,245,250,5.9,"31,965",Petrol,5,350
Volkswagen,Teramont,2.0L I4 Turbo / 3.6L V6 Gas,1984  / 3597,270,190,8.6,32,Petrol,7,350
Volkswagen,Passat Hybrid,1.4L I4 Turbo + Electric Motor,1395,215,210,7.4,32,Hybrid,5,330
Nissan,Leopard,3.0L V6,2960,210,200,8.4,32,Petrol,5,265
Nissan,Navara,2.3L Inline-4 Diesel,2298,190,180,10.2,32,Diesel,5,450
KIA,SPORTAGE GT-LINE,I4,"2,48",187,200,8.0,32,Petrol,5,350
Peugeot,3008,Inline-4,"1,598",180,210,7.5,32,Petrol,5,400
Kia,Seltos SX Turbo,1.6L Turbocharged 4-Cylinder,1591,175,210,7.5,32,Petrol,5,264
Nissan,Rogue Sport SL,2.0L Inline-4,1998,141,190,9.0,32,Petrol,5,195
Volkswagen,Golf Variant,1.5L Turbo I4 / 2.0L Diesel I4,1498  / 1968,140,220,7.5,32,Petrol,5,320
Ford,Territory,Turbocharged Inline-4,"1,5",140,180,11.0,32,Petrol,5,225
Peugeot,Boxer,Diesel I4,"2,2",140,160,11.0,32,Diesel,3,340
BMW,118i,I3,"1,499",136,213,8.5,32,Petrol,5,220
Peugeot,3008 Allure Premium,Inline-4,"1,499",130,200,9.8,32,Petrol,5,240
Mazda,Xedos 9,3.0L V6,3,200,220,7.5,"32,5",Petrol,5,260
Mazda,Millenia S,2.5L V6,"2,5",200,220,8.0,"32,5",Petrol,5,250
KIA,SPORTAGE X-LINE,I4,"2,48",187,200,8.0,"32,5",Petrol,5,350
Mitsubishi,Outlander LE,2.5L 4-Cylinder,"2,5",181,190,9.5,"32,5",Petrol,7,245
Mitsubishi,L200 Barbarian X,2.4L Diesel Turbo,"2,4",181,177,10.5,"32,5",Diesel,5,430
Mazda,Sentia Hardtop Coupe,2.5L V6,"2,5",160,210,8.0,"32,5",Petrol,4,220
Mitsubishi,Delica Van,2.0L Diesel / 2.2L Diesel,"2,000 - 2,200 ",145,175,11.5,"32,5",Diesel,7,360
Mitsubishi,Delica Space Gear,2.4L Petrol,"2,4",145,170,13.0,"32,5",Petrol,7,206
Mazda,MX-5 Superlight Concept,1.8L Inline-4,"1,798",143,200,7.5,"32,5",Petrol,2,160
Mazda,Cosmo Sport (110S),1.0L Inline-2 (Wankel),1,110,170,10.0,"32,5",Petrol,2,150
Nissan,NV1500,4.0L V6,3954,261,160,9.5,33,Petrol,12,385
KIA,SPORTAGE NIGHTFALL EDITION,I4,"2,48",187,200,8.0,33,Petrol,5,350
Mitsubishi,Outlander SEL,2.5L 4-Cylinder,"2,5",181,190,9.5,33,Petrol,7,245
Mitsubishi,Outlander Black Edition,2.5L 4-Cylinder,"2,5",181,190,9.5,33,Petrol,7,245
Peugeot,5008 Allure,Inline-4,"1,499",180,200,8.5,33,Petrol,7,250
Volkswagen,Sharan,2.0L Turbo I4,1984,150,200,9.3,33,"Petrol, Diesel",7,280
Kia,Niro Plug-In Hybrid,1.6L 4-Cylinder Hybrid,1591,139,180,10.5,33,Hybrid,5,265
Kia,Niro Touring,1.6L 4-Cylinder Hybrid,1591,139,180,10.5,33,Hybrid,5,265
Volkswagen,Golf Electric,Electric,35.8,136,140,10.4,33,Electric,5,290
Peugeot,5008 Active,Inline-4,"1,499",130,190,10.5,33,Petrol,7,240
TOYOTA,VENZA,I4,"2,494",219,200,7.5,"33,4",Hybrid,5,400
Chevrolet,Equinox Premier,1.5L Turbo Inline-4 Gasoline,1500,170,200,8.8,"33,4",Petrol,5,275
Chevrolet,Malibu Premier,2.0L Turbo Inline-4 Gasoline,2000,250,240,5.8,"33,5",Petrol,5,353
Chevrolet,Silverado Custom,4.3L V6 Gasoline,4300,285,180,8.5,"33,9",Petrol,6,413
BMW,118D,I4,"1,995",150,216,8.4,34,Diesel,5,380
BMW,118i XDRIVE,I3,"1,499",136,211,8.9,34,Petrol,5,250
Cadillac,CT4,2.0L Turbo Inline-4 Gasoline,2000,237,250,6.0,"34,395",Petrol,5,350
Chevrolet,Malibu Premier,2.0L Turbo Inline-4 Gasoline,2000,250,240,5.8,"34,5",Petrol,5,353
Kia,Niro SX Touring,1.6L 4-Cylinder Hybrid,1591,139,180,10.5,"34,5",Hybrid,5,265
Chevrolet,Silverado 1500 Custom,4.3L V6 Gasoline,4300,285,180,8.6,"34,9",Petrol,6,413
NISSAN,MAXIMA,V6,"3,498",300,240,5.8,35,Petrol,5,354
NISSAN,PATHFINDER,V6,"3,498",284,225,6.5,35,Petrol,7,351
Peugeot,308 GTI,Inline-4,"1,598",270,250,6.0,35,Petrol,5,330
Nissan,Xterra,4.0L V6,3954,261,200,7.8,35,Petrol,7,381
Nissan,Silvia S15 Spec-R,2.0L Turbo Inline-4,1998,250,240,5.6,35,Petrol,4,300
AUDI,Q3,I4,"1,984",248,230,7.3,35,Petrol,5,400
TOYOTA,BZ3,ELECTRIC MOTOR,65,241,160,7.5,35,Electric,5,340
Volkswagen,Tiguan Allspace,2.0L Turbo I4,1984,230,215,7.6,35,Petrol,7,320
Volkswagen,Sciroo GTS,2.0L I4 Turbo,1984,220,246,6.5,35,Petrol,4,350
Volkswagen,Sciroo,2.0L Turbo I4,1984,211,233,6.0,35,Petrol,4,350
Acura,TLX 2.4L,Inline-4,"2,4",206,210,6.0,35,Petrol,5,247
Nissan,180SX,2.0L Turbo Inline-4,1998,205,240,6.8,35,Petrol,4,275
Volkswagen,ID.3,Electric,58 - 77,204,160,7.3,35,Electric,5,310
Volkswagen,ID.3 Pro,Electric,58,204,160,7.3,35,Electric,5,310
Peugeot,3008 GT,Inline-4,"1,598",200,220,7.5,35,Petrol,5,280
Volkswagen,Sharan Business,2.0L Diesel I4,1968,184,200,8.3,35,Diesel,7,350
Peugeot,508 Allure,Inline-4,"1,499",180,225,8.0,35,Petrol,5,250
Peugeot,508 SW (Station Wagon),Inline-4,"1,598",180,220,8.4,35,Petrol,5,300
Peugeot,3008 GT Line,Inline-4,"1,598",180,210,8.5,35,Petrol,5,250
Volkswagen,Golf Variant Alltrack,2.0L Diesel I4,1968,175,220,7.8,35,Petrol,5,320
Volkswagen,Golf Alltrack,2.0L Turbo Diesel I4,1968,175,210,7.1,35,Petrol,5,350
GMC,Terrain All-Terrain Edition,1.5L Turbocharged I4 engine,"1,49",170,200,9.3,35,Petrol,5,275
Peugeot,5008,Inline-4,"1,998",165,200,9.5,35,Diesel,7,400
Volkswagen,Transporter,2.0L I4 Turbo Diesel,1968,150,180,12.2,35,Diesel,9,340
Nissan,NT400 Cabstar,3.0L Inline-4 Diesel,2953,150,140,15.0,35,Diesel,3,350
Nissan,280ZX,2.8L Inline-6,2753,145,205,9.5,35,Petrol,2,210
Mazda,MX-30 Electric,Electric Motor,35.5  battery,143,140,9.7,35,Electric,5,271
Volkswagen,Sciroo 16V,1.8L I4 Gas,1781,137,220,7.1,35,Petrol,4,230
BMW,118i SPORTLINE,I3,"1,499",136,213,8.5,35,Petrol,5,250
BMW,118i URBAN LINE,I3,"1,499",136,213,8.5,35,Petrol,5,250
Peugeot,e-208,Electric Motor,50,136,150,8.1,35,Electric,5,260
Nissan,Serena e-Power,1.2L Hybrid,1198,134,160,12.0,35,Hybrid,7,320
Peugeot,5008 Allure Premium,Inline-4,"1,499",130,190,10.2,35,Petrol,7,240
Ford,Transit Custom,EcoBlue Turbo Diesel,2,130,160,12.5,35,Diesel,2–9,385
Peugeot,Boxer L2H2,Inline-4,"2,2",130,140,14.0,35,Diesel,3,350
Nissan,Atlas,3.0L Inline-4 Diesel,2999,130,130,18.0,35,Diesel,3,300
Volkswagen,T-Roc Cabriolet,1.0L I3 Turbo / 1.5L I4 Turbo,999  / 1498,127,205,9.6,35,Petrol,4,250
Jeep,Wrangler,3.6L V6 Pentastar Gasoline,3600,285,180,6.8,"35,195",Petrol,4,353
Kia,Sorento LX,2.5L 4-Cylinder,2500,191,210,8.5,"35,5",Petrol,7,246
Peugeot,508,Inline-4,"1,998",180,235,8.0,"35,5",Petrol,5,300
Chevrolet,Traverse,3.6L V6 Gasoline,3600,310,210,7.0,"35,915",Petrol,7,360
Ford,E-Series Cutaway,V8 Gasoline Engine,"7,3",350,140,13.0,36,Petrol,2,569
Mazda,RX-7 Spirit R,1.3L Inline-2 (Wankel),"1,308",280,250,5.5,36,Petrol,2,290
Nissan,NV2500,4.0L V6,3954,261,160,10.0,36,Petrol,2,385
KIA,SPORTAGE SX TURBO,I4,"1,998",240,210,6.7,36,Petrol,5,400
Volkswagen,Passat Alltrack,2.0L Turbo Diesel I4,1968,230,220,7.8,36,Diesel,5,400
Mitsubishi,Sigma,3.0L V6,3,210,220,8.5,36,Petrol,5,270
Mitsubishi,Eclipse Cross PHEV,2.4L PHEV,"2,4",188,180,10.5,36,Plug-in Hybrid,5,199
KIA,SPORTAGE 2024(X-PRO),I4,"2,48",187,200,8.1,36,Petrol,5,400
Mazda,MX-5 Miata RF,2.0L SkyActiv-G,2,181,225,6.5,36,Petrol,2,205
Mitsubishi,Pajero Sport,2.4L Diesel Turbo,"2,4",181,180,11.0,36,Diesel,7,430
Mitsubishi,Montero Sport,2.4L Diesel Turbo,"2,4",181,180,11.0,36,Diesel,7,430
Mitsubishi,Montero GLX,2.4L Diesel Turbo,"2,4",181,180,11.0,36,Diesel,7,430
Nissan,Qashqai Tekna,1.3L Turbo Hybrid Inline-4,1332,158,190,9.2,36,Hybrid,5,270
BMW,118D SPORT LINE,I4,"1,995",150,216,8.4,36,Diesel,5,380
Mitsubishi,Delica D:5,2.2L Diesel Turbo,"2,2",145,175,11.0,36,Diesel,7,360
Kia,Niro SX Hybrid,1.6L Hybrid Turbocharged 4-Cylinder,1591,139,180,10.5,36,Hybrid,5,265
BMW,118i SHADOW LINE,I3,"1,499",136,213,8.5,36,Petrol,5,250
Chevrolet,Blazer LT,2.5L Inline-4 Gasoline,2500,193,200,9.0,"36,1",Petrol,5,255
GMC,Canyon Elevation,2.5L I4 engine,"2,488",200,175,8.5,"36,3",Petrol,5,259
GMC,Terrain AT4,1.5L Turbo 4-cylinder,1500,175,190,9.6,"36,5",Petrol,5,275
GMC,Acadia,2.0L Turbo 4-cylinder,2000,228,200,7.8,"36,8",Petrol,7,350
GMC,Canyon,2.7L Turbo 4-cylinder,2700,310,190,7.6,"36,9",Petrol,5,583
TOYOTA,GR COROLLA,"1.6L,TURBOCHARGED INLINE-3","1,618",300,230,5. 0,"36,995",Petrol,5,370
KIA,SPORTAGE 2024(HYBRID AWD),I4 + ELECTRIC,"1,600  / 1.49 ",227,180,8.0,37,Hybrid,5,350
Peugeot,508 Saloon,Inline-4,"1,598",180,210,8.6,37,Petrol,5,300
BMW,120i,I4,"1,998",178,230,7.1,37,Petrol,5,300
Ford,Transit Chassis Cab,EcoBlue Turbo Diesel,2,170,160,11.5,37,Diesel,2,405
BMW,118i M SPORT,I3,"1,499",136,213,8.5,37,Petrol,5,250
GMC,Sierra 1500,5.3L V8 Gasoline,5300,355,180,7.3,"37,1",Petrol,6,519
Chevrolet,Traverse LT,3.6L V6 Gasoline,3600,310,210,7.1,"37,2",Petrol,7,360
TOYOTA,4RUNNER,V6,"3,956",270,200,7.5,"37,4",Petrol,5,400
Cadillac,XT4,2.0L Turbo Inline-4 Gasoline,2000,235,220,7.6,"37,49",Petrol,5,350
Ford,Taurus,3.5L V6 / 2.0L EcoBoost,"2,000 - 3,500 ",240,220,6.5,"37,5",Petrol,5,400
Jeep,Cherokee,2.4L I4 Tigershark Gasoline,2400,180,195,8.5,"37,695",Petrol,5,230
GMC,Sierra 1500 Pro,4.3L V6 engine,"4,3",285,180,7.5,"37,7",Petrol,3,413
Nissan,X-Trail GT,2.0L Turbo Inline-4,1998,280,215,6.4,38,Petrol,5,310
KIA,SPORTAGE 2024(TOP TRIM),I4,"1,998",240,210,6.7,38,Petrol,5,400
Ford,Escape Plug-in Hybrid (2024),I4 Hybrid,"2,500  (petrol) + Electric Motor",221,190,7.5,38,Hybrid,5,210
Nissan,Rogue Platinum,1.5L Turbo Inline-3,1497,201,180,8.2,38,Petrol,5,300
GMC,Canyon SLT,2.5L I4 engine,"2,488",200,175,8.6,38,Petrol,5,259
BMW,120D XDRIVE,I4,"1,995",190,230,6.9,38,Diesel,5,400
Mazda,CX-8,2.2L Diesel,"2,2",187,200,9.2,38,Diesel,7,450
KIA,SPORTAGE 2024(X-PRO PRESTIGE),I4,"2,48",187,200,8.1,38,Petrol,5,400
Volkswagen,Golf Variant GTD,2.0L Diesel I4,1968,184,230,7.5,38,Diesel,5,380
Peugeot,5008 GT Line,Inline-4,"1,598",180,200,9.0,38,Petrol,7,250
HYUNDAI,NEXO,Electric Motor,1.56,161,180,7.8,38,Hydrogen,5,400
Peugeot,e-2008,Electric Motor,50,136,150,8.5,38,Electric,5,260
Cadillac,CT5,2.0L Turbo Inline-4 Gasoline,2000,237,240,6.6,"38,195",Petrol,5,350
TOYOTA,HIGHLANDER,V6,"3,456",295,220,7.2,"38,4",Petrol/Hybrid,7,370
TOYOTA,CROWN,HYBRID,"2,494",236,200,7.6,"38,4",Hybrid,5,400
GMC,Terrain Denali,1.5L Turbo 4-cylinder,1500,175,190,9.5,"38,6",Petrol,5,275
Jeep,Gladiator,3.6L V6 Pentastar Gasoline,3600,285,177,8.1,"38,775",Petrol,5,353
Nissan,Murano,3.5L V6,3498,260,210,7.5,39,Petrol,5,325
AUDI,A4,I4,"1,984",248,240,6.5,39,Petrol,5,400
Nissan,Rogue Midnight Edition,1.5L Turbo Inline-3,1497,201,180,8.2,39,Petrol,5,300
BMW,120i M SPORT,I4,"1,998",178,230,7.1,39,Petrol,5,300
BMW,120D EFFICIENTDYNAMICS,I4,"1,995",163,225,7.7,39,Diesel,5,400
Kia,Carnival LXS,3.5L V6,3500,290,220,8.0,"39,5",Petrol,8,355
Volkswagen,ID.4,Electric,77,250,160,7.8,"39,735",Electric,5,310
TOYOTA,TUNDRA,V8,"5,663",381,220,6.7,"39,9",Petrol,5,650
NISSAN,Z PROTO,V6,"2,998",400,290,4.1,40,Petrol,2,475
Nissan,Z (Fairlady Z),3.0L Twin-Turbo V6,2997,400,250,4.5,40,Petrol,2,475
NISSAN,TITAN,V8,"5,598",400,200,5.9,40,Petrol,5,560
GMC,Acadia SLE,3.6L V6 engine,"3,564",310,210,6.6,40,Petrol,7,366
Ford,Explorer,2.3L EcoBoost / 3.0L V6,"2,300 - 3,000 ",300,200,6,40,Petrol,7,465
Volkswagen,Golf TCR,2.0L I4 Turbo,1984,290,250,5.6,40,Petrol,5,370
HONDA,PILOT,V6,"3,471",285,209,6.3,40,Petrol,8,360
Volkswagen,Sciroo R,2.0L Turbo I4,1984,280,250,5.5,40,Petrol,4,350
Ford,Edge,2.0L EcoBoost / 2.7L V6,"2,000 - 2,700 ",278,200,6.5,40,Petrol,5,450
Mazda,RX-7,1.3L Rotary Twin-Turbo,"1,3",276,250,5.5,40,Petrol,4,314
Volkswagen,Amarok,3.0L V6 Turbo Diesel,2967,258,180,7.9,40,Diesel,5,550
Mazda,CX-9,2.5L Turbocharged,"2,5",250,210,7.2,40,Petrol,7,420
Mitsubishi,Outlander PHEV,2.4L Hybrid,"2,400  / 20  battery",248,170,10.5,40,Hybrid,5,300
Volkswagen,Golf R32,3.2L VR6,3189,240,250,6.2,40,Petrol,5,320
KIA,SPORTAGE 2024(SX TURBO AWD),I4,"1,998",240,210,6.5,40,Petrol/AWD,5,400
Peugeot,508 GT,Inline-4,"1,598",225,235,6.8,40,Petrol,5,300
Volkswagen,Passat,2.0L I4 Turbo,1984,220,240,7.3,40,Petrol,5,280
Ford,Ranger (2024),I4 Turbo Diesel,2,210,180,8.0,40,Diesel,5,500
Volkswagen,Golf GTE,Plug-in Hybrid (1.4L I4 Turbo),1395  + Electric Motor,204,222,7.6,40,Hybrid,5,350
HYUNDAI,KONA Electric,Electric Motor,39.2,200,200,6.1,40,Electric,5,395
Volkswagen,Passat Alltrack TDI,2.0L Diesel I4,1968,190,220,8.0,40,Diesel,5,400
Nissan,X-Terra Pro-4X,2.5L Inline-4,2498,190,175,10.8,40,Petrol,7,240
Nissan,Qashqai e-Power,1.5L Hybrid,1497,187,200,7.5,40,Hybrid,5,330
Volkswagen,Golf 4MOTION,2.0L Diesel I4,1968,184,250,4.9,40,Petrol,5,400
TOYOTA,INNOVA HYCROSS,2.0L HYBRID,"1,987",184,165,9.5,40,Hybrid,7,250
Peugeot,5008 GT,Inline-4,"1,598",180,210,8.2,40,Petrol,7,250
BMW,120i XDRIVE,I4,"1,998",178,230,7.2,40,Petrol,5,300
Jaguar Land Rover,Jaguar X-TYPE,I4 Petrol,1998  (I4),160,215,9.0,40,Petrol,5,215
Volkswagen,Crafter,2.0L Turbo Diesel I4,1968,150,160,13.0,40,Diesel,3,410
Peugeot,e-2008 GT,Electric Motor,50,136,200,8.5,40,Electric,5,260
Peugeot,Partner Electric,Electric Motor,-,136,130,9.0,40,Electric,5,260
Nissan,NV400,2.3L Inline-4 Diesel,2298,135,150,15.0,40,Diesel,3,360
Tesla,Model 3,Single Electric Motor (RWD),60,283,225,5.8,"40,24",Electric,5,420
TOYOTA,HIGHLANDER HYBRID,V6,"3,456",240,220,8.2,"40,4",Hybrid,7,350
HYUNDAI,Santa Cruz,2.5L Turbocharged Inline-4,"2,5",281,215,6.5,"40,799",Petrol,5,400
KIA,SPORTAGE PHEV,I4 + ELECTRIC,"1,600  / 13.8 ",261,180,8.0,41,Plug-in Hybrid,5,350
HYUNDAI,IONIQ 5,ELECTRIC MOTOR,72.6,225,185,7.4,41,Electric,5,350
Cadillac,CT5 Premium Luxury,2.0L Turbo Inline-4 Gasoline,2000,237,240,6.8,"41,29",Petrol,5,350
Jeep,Jeep Cherokee X Edition,3.2L V6 Pentastar Gasoline,3200,271,195,7.6,"41,295",Petrol,5,324
Cadillac,XT4 Sport,2.0L Turbo Inline-4 Gasoline,2000,235,220,7.4,"41,39",Petrol,5,350
GMC,Acadia AT4,3.6L V6 Gasoline,3600,310,210,7.6,"41,4",Petrol,6,366
TOYOTA,AVALON,V6,"3,456",301,220,6.9,"41,4",Petrol,5,400
HYUNDAI,IONIQ 6,Electric Motor,53.6 (Standard Range) / 77.4 (Long Range),320,185,5.2,"41,45",Electric,5,350
Chevrolet,Silverado 2500HD,6.6L V8 Gasoline,6600,401,170,8.0,"41,5",Petrol,6,629
Kia,Telluride LX,3.8L V6,3778,291,240,7.0,"41,5",Petrol,7,355
Jeep,Grand Cherokee,3.6L V6 Pentastar Gasoline,3600,293,209,7.0,"41,53",Petrol,5,352
Nissan,Infiniti Q60*,3.0L V6 Twin-Turbo,2997,300,250,5.0,"41,75",Petrol,4,400
Nissan,370Z Roadster,3.7L V6,3696,332,250,5.5,"41,82",Petrol,2,366
Nissan,NV3500,5.6L V8,5552,375,170,9.0,42,Petrol,2,525
Nissan,Infiniti G37*,3.7L V6,3696,328,250,5.5,42,Petrol,5,365
Kia,Sorento X-Line,2.5L Turbocharged 4-Cylinder,2500,277,220,7.0,42,Petrol,7,421
Acura,RDX Turbo SH-AWD,Turbocharged I4,"1,5",272,210,6.6,42,Petrol,5,400
BMW,128ti,I4,"1,998",261,250,6.1,42,Petrol,5,400
KIA,SPORTAGE 2024(PLUG-IN HYBRID AWD),I4 + ELECTRIC,"1,598  / 13.8 ",261,180,7.9,42,Plug-in Hybrid,5,350
Volkswagen,Tiguan eHybrid,1.4L I4 Turbo + Electric Motor,1395  + Battery,245,200,7.5,42,Hybrid,5,400
Peugeot,3008 Plug-In Hybrid,Hybrid I4 + Electric Motor,"1,598  (petrol) + Electric Motor",225,210,7.0,42,Hybrid,5,360
BMW,125i,I4,"1,998",224,240,6.1,42,Petrol,5,400
Jeep,Wrangler Rubicon,2.0L Turbo I4 Gasoline,2000,270,180,7.1,"42,1",Petrol,4,400
Kia,Carnival EX,3.5L V6,3500,290,220,8.0,"42,5",Petrol,8,355
Ford,Bronco,2.3L EcoBoost / 2.7L V6,"2,300 - 2,700 ",270,200,7.5,"42,5",Petrol,4,500
Nissan,Pathfinder Hybrid,2.5L Inline-4 Hybrid,2488,250,190,7.7,"42,5",Hybrid,7,329
Mazda,Premacy Hydrogen RE Hybrid,1.3L Wankel + Electric,"1,308",200,180,9.5,"42,5",Hybrid,5,260
Mazda,Premacy Hydrogen RE,1.3L Wankel + Electric,"1,308",200,180,9.5,"42,5",Hybrid,5,260
Mitsubishi,Pajero,3.2L Diesel Turbo,"3,2",189,180,10.5,"42,5",Diesel,7,441
Mazda,CX-60,2.5L Inline-4,"2,5",187,200,8.5,"42,5",Petrol/Diesel,5,250
Chevrolet,Silverado 1500,5.3L V8 Gasoline,5300,355,180,7.0,"42,795",Petrol,6,519
Nissan,Pathfinder Rock Creek,3.5L V6,3498,284,190,7.4,"42,82",Petrol,7,351
AUDI,Q5,I4,"1,984",248,240,6.3,43,Petrol,5,500
Nissan,X-Trail Tekna,1.5L Turbo Hybrid,1497,204,190,8.0,43,Hybrid,5,305
TOYOTA,TUNDRA HYBRID,V6,"3,456",344,220,6.2,"43,4",Hybrid,5,650
TOYOTA,BZ4X,ELECTRIC,"64.8  (Base Model),72.8  (Higher End Model",218,200,7.5,"43,4",Electric,5,330
Ford,Transit,EcoBlue Turbo Diesel,2,170,160,12.0,"43,455",Diesel,2–15,405
Chevrolet,Camaro SS,6.2L V8 Gasoline,6200,455,290,4.3,"43,5",Petrol,4,617
Kia,Carnival MPV EX,3.5L V6,3500,290,220,8.0,"43,5",Petrol,8,355
Jeep,Grand Cherokee L,3.6L V6 Pentastar Gasoline,3600,293,209,7.2,"43,53",Petrol,7,352
Chevrolet,Traverse RS,3.6L V6 Gasoline,3600,310,210,7.0,"43,7",Petrol,7,360
GMC,Sierra 2500HD,6.6L V8 Diesel,6600,401,175,7.5,"43,9",Diesel,6,629
GMC,Canyon AT4,2.7L Turbo 4-cylinder,2700,310,190,7.5,"43,9",Petrol,5,583
HONDA,CIVIC TYPE R,I4,"1,996",315,272,5.7,44,Petrol,5,400
Chevrolet,Blazer,3.6L V6 Gasoline,3600,308,220,6.6,44,Petrol,5,366
GMC,Canyon Denali Black Edition,3.6L V6 engine,"3,564",308,180,6.9,44,Petrol,5,373
Kia,Telluride EX,3.8L V6,3778,291,240,7.0,44,Petrol,7,355
Nissan,Pathfinder Rock Creek Edition,3.5L V6,3498,284,195,7.2,44,Petrol,7,351
Peugeot,508 Plug-In Hybrid,Hybrid I4 + Electric Motor,"1,598  (petrol) + Electric Motor",225,210,7.5,44,Hybrid,5,360
BMW,125D,I4,"1,995",224,240,6.3,44,Diesel,5,400
TOYOTA,SIENNA,V6,"2,494",245,190,8.0,"44,15",Petrol/Hybrid,7,360
Cadillac,XT5,3.6L V6 Gasoline,3600,310,210,6.5,"44,195",Petrol,5,366
Jeep,Renegade 4xe,1.3L Turbo PHEV,11.4,240,200,7.5,"44,5",Hybrid,5,270
Volkswagen,Golf R,2.0L Turbo I4,1984,315,250,4.6,"44,64",Petrol,5,420
Ford,Ranger Raptor,2.7L Twin-Turbo V6,"2,7",392,200,6.0,45,Petrol,5,583
Ford,F-250 Super Duty,6.2L V8 / 7.3L V8 / 6.7L Turbo-Diesel,"6,200 - 7,300 ",385,180,6.8,45,Petrol/Diesel,5,900
GMC,Acadia Black Edition,3.6L V6 engine,"3,564",310,210,6.5,45,Petrol,7,366
Ford,Bronco (2024),V6 EcoBoost,"2,7",310,200,6.7,45,Petrol,5,542
GMC,Sierra Elevation,2.7L Turbo 4-cylinder,2700,310,190,7.6,45,Petrol,5,583
Chevrolet,Blazer Premier,3.6L V6 Gasoline,3600,308,220,6.6,45,Petrol,5,366
Peugeot,3008 Hybrid4,Hybrid I4+ Electric Motor,"1,599  (Petrol) + Electric Motor",300,235,6.0,45,Hybrid,5,520
Peugeot,3008 GT Hybrid,Hybrid I4,"1,598  (petrol) + Electric Motor",300,235,6.0,45,Hybrid,5,400
Nissan,Maxima Platinum,3.5L V6,3498,300,220,6.2,45,Petrol,5,353
Volkswagen,ID.3 GTX,Electric,77,299,180,6.2,45,Electric,5,310
Mitsubishi,Lancer Evolution X,2.0L Turbocharged,2,291,240,5.0,45,Petrol,5,407
Mazda,Eunos Cosmo,2.0L Twin-Rotor Turbo,2,280,240,6.0,45,Petrol,4,300
Acura,RDX Technology,I4 Turbocharged,"1,500  (I4)",272,210,6.6,45,Petrol,5,400
Acura,RDX Turbo AWD,Inline-4 Turbocharged,"1,5",272,210,6.6,45,Petrol,5,400
Volkswagen,Polo GTI R5,1.6L Turbocharged Rally Engine,1598,272,200,4.1,45,Petrol,5,400
TOYOTA,GR YARIS,"1.6L,TURBOCHARGED INLINE-3","1,618",268,230,5.5,45,Petrol,4,390
Volkswagen,Golf R Cabriolet,2.0L I4 Turbo,1984,265,250,5.9,45,Petrol,4,380
Volkswagen,Amarok V6,3.0L V6 Turbo Diesel,2967,258,191,7.9,45,Diesel,5,580
BMW,330i,I4,"1,998",255,250,5.6,45,Petrol,5,400
Nissan,Leopard J. Ferie,3.0L V6 Turbo,2960,255,215,6.5,45,Petrol,5,340
Jaguar Land Rover,Jaguar XE,I4 Petrol,1999  (I4),250,250,6.5,45,Petrol,5,365
AUDI,A5 COUPE,I4,"1,984",248,240,6.3,45,Petrol,4,500
Nissan,Silvia,2.0L Turbo Inline-4,1998,247,235,5.9,45,Petrol,4,275
Volkswagen,Tiguan R-Line,2.0L I4 Turbo,1984,230,250,4.9,45,Petrol,5,420
Peugeot,208 PSE (Peugeot Sport Engineered),Hybrid I4,"1,598  (petrol) + Electric Motor",225,250,5.5,45,Hybrid,5,360
Volkswagen,ID.4 Pro S,Electric,77,201,180,7.8,45,Electric,5,310
Volkswagen,ID.5,Electric,77,200,180,8.4,45,Electric,5,310
Nissan,Patrol Y60,4.2L Inline-6,4169,155,160,12.0,45,Diesel,7,330
Nissan,Datsun 240Z (Classic),2.4L Inline-6,2393,151,210,8.0,45,Petrol,2,198
Nissan,Datsun 240Z,2.4L Inline-6,2393,151,210,8.0,45,Petrol,2,198
Peugeot,Expert Electric,Electric Motor,-,136,130,9.5,45,Electric,5,260
Chevrolet,Silverado 3500HD,6.6L V8 Diesel,6600,445,160,8.5,"45,5",Diesel,6,1234
Kia,Carnival Special Edition,3.5L V6,3500,290,220,8.0,"45,5",Petrol,8,355
Nissan,370Z NISMO,3.7L V6,3696,350,250,5.2,"45,79",Petrol,2,374
Acura,TLX V6 Advance,V6,"3,5",290,250,5.7,46,Petrol,5,362
MERCEDES,BENZ GLC 350,I4,"1,991",255,250,6.1,46,Petrol,5,500
Kia,EV6 Light,Electric Motor,77.4,225,190,5.2,46,Electric,5,350
Nissan,X-Trail Platinum Edition,1.5L Turbo Hybrid,1497,204,190,8.0,46,Hybrid,5,305
Volkswagen,Arteon,2.0L Turbo I4,1984,150,250,5.6,46,Petrol,5,350
Jeep,Compass 4xe,1.3L Turbo PHEV,11.4,240,200,7.3,"46,5",Hybrid,5,270
Cadillac,CT4-V,2.7L Turbo Inline-4 Gasoline,2700,325,260,4.9,"46,595",Petrol,5,500
Chevrolet,Traverse Premier,3.6L V6 Gasoline,3600,310,210,7.0,"46,6",Petrol,7,360
Peugeot,508 Hybrid4,Hybrid I4 + Electric Motor,"1,598  (petrol) + Electric Motor",300,235,6.0,47,Hybrid,5,520
Kia,Carnival SX Prestige,3.5L V6,3500,290,220,8.0,47,Petrol,8,355
Nissan,Murano CrossCabriolet,3.5L V6,3498,260,195,7.6,47,Petrol,4,325
Kia,Sorento Hybrid SX Prestige,1.6L Hybrid Turbocharged 4-Cylinder,1591,227,200,7.9,47,Hybrid,7,352
Kia,Sorento Hybrid EX,1.6L Hybrid Turbocharged 4-Cylinder,1591,227,200,7.9,47,Hybrid,7,352
Tesla,Model Y,Single Electric Motor (RWD),75,346,217,5.0,"47,49",Electric,5,498
Ford,F-350 Super Duty,6.7L Turbo-Diesel / 7.3L V8,"6,700 - 7,300 ",450,180,7.0 - 8.0,48,Diesel,5,1100
Nissan,Fairlady Z Heritage,3.0L Twin-Turbo V6,2997,400,250,4.2,48,Petrol,2,475
MERCEDES,BENZ GLA 45,I4,"1,991",382,250,4.3,48,Petrol,5,500
Ford,Mustang Mach-E,Electric Motor,Battery (68-98 ),350,180,"3,5",48,Electric,5,430
GMC,Canyon Denali,2.7L Turbo 4-cylinder,2700,310,190,7.5,48,Petrol,5,583
Peugeot,5008 GT Hybrid,Hybrid I4,"1,598  (petrol) + Electric Motor",300,210,6.5,48,Hybrid,7,400
Volkswagen,Arteon 4MOTION,2.0L Turbo I4,1984,280,250,5.6,48,Petrol,5,350
BMW,430i COUPE,I4,"1,998",255,250,5.8,48,Petrol,4,400
Mazda,CX-80,3.0L Inline-6,3,250,210,7.5,48,Petrol,7,400
Toyota,Crown Signia,2.5L Hybrid I4,2487,240,180,7.6,48,Hybrid (Gas + Electric),5,239
Kia,Sorento SX Prestige,2.5L Hybrid Turbocharged 4-Cylinder,1591,227,200,7.9,48,Hybrid,7,352
Mitsubishi,Pajero Final Edition,3.2L Diesel Turbo,"3,2",189,180,10.5,48,Diesel,7,441
Mitsubishi,Pajero GLS,3.2L Diesel Turbo,"3,2",189,180,10.5,48,Diesel,7,441
Mitsubishi,Pajero SWB (Short Wheel Base),3.2L Diesel Turbo,"3,2",189,180,10.5,48,Diesel,5,441
Chevrolet,Colorado ZR2,2.8L Turbo Diesel I4,2800,181,160,9.1,"48,295",Diesel,5,500
Cadillac,XT6,3.6L V6 Gasoline,3600,310,210,6.9,"48,595",Petrol,7,366
Chevrolet,Blazer RS,3.6L V6 Gasoline,3600,308,220,6.6,"48,9",Petrol,5,366
GMC,Sierra 3500HD,6.6L V8 Diesel,6600,445,175,7.4,49,Diesel,6,1234
MERCEDES,BENZ E-CLASS E 350,I4,"1,991",255,250,5.7,49,Petrol,5,500
AUDI,TT COUPE,I4,"1,984",248,250,5.3,49,Petrol,2,400
Kia,Sorento X-Pro Hybrid,1.6L Hybrid Turbocharged 4-Cylinder,1591,227,200,7.8,49,Hybrid,7,352
TOYOTA,LAND CRUISER PRADO,V6,"3,956",282,200,7.2,"49,4",Petrol/Diesel,7,450
TOYOTA,MIRAI,"HYDROGEN FUEL CELL,ELECTRIC MOTOR",1.24,152,180,9.0,"49,5",Hydrogen,5,335
Nissan,Skyline,3.0L V6 Twin-Turbo,2997,400,250,5.0,50,Petrol,5,475
TOYOTA,TOYOTA SEQUOIA,V8,"5,663",381,200,6.9,50,Petrol,7,651
Nissan,Infiniti Q45*,4.5L V8,4494,340,240,6.2,50,Petrol,5,450
Toyota,4Runner (6th Gen),2.4L Turbo I4 (i-FORCE MAX Hybrid),2393  + Battery,326,180,6.8,50,Hybrid,7,630
Nissan,Infiniti M45*,4.5L V8,4494,325,250,5.8,50,Petrol,5,451
GMC,Canyon AT4X,3.6L V6 engine,"3,564",308,180,6.9,50,Petrol,5,373
Kia,Stinger GT-Line,2.5L Turbocharged 4-Cylinder,2500,300,270,5.0,50,Petrol,5,422
Nissan,300ZX,3.0L Twin-Turbo V6,2960,300,250,5.9,50,Petrol,4,384
Peugeot,3008 PSE,Hybrid I4,"1,598  (petrol) + Electric Motor",300,235,6.0,50,Hybrid,5,400
Volkswagen,ID.4 GTX,Electric AWD,77,299,180,6.2,50,Electric,5,460
Kia,Telluride SX,3.8L V6,3778,291,240,7.0,50,Petrol,7,355
Acura,TLX A-Spec,V6,"3,500  (V6)",290,250,5.7,50,Petrol,5,362
Acura,TLX A-Spec Sedan,V6,"3,500  (V6)",290,250,5.7,50,Petrol,5,362
Acura,TLX 3.5L V6,V6,"3,5",290,250,5.7,50,Petrol,5,362
Volkswagen,Arteon 280 TSI,2.0L I4 Turbo,1984,280,250,5.6,50,Petrol,5,350
Nissan,Elgrand,3.5L V6,3498,280,200,8.5,50,Petrol,7,344
Acura,RDX SH-AWD,I4 Turbocharged,"1,500  (I4)",272,210,6.6,50,Petrol,5,400
Nissan,Infiniti QX55*,2.0L VC-Turbo Inline-4,1997,268,230,6.5,50,Petrol,5,380
Nissan,Gloria Gran Turismo,3.0L V6 Turbo,2960,255,220,6.5,50,Petrol,5,340
HYUNDAI,SANTA FE,1.6L PETROL + PLUG IN HYBRID SYSTEM,"1,6",253,180,9.3,50,Petrol/Hybrid,7,420
Volkswagen,Arteon R-Line,2.0L I4 Turbo,1984,250,250,5.6,50,Petrol,5,420
Jaguar Land Rover,Jaguar XF,I4 Petrol,1999  (I4),250,250,6.5,50,Petrol,5,365
Jaguar Land Rover,Jaguar XE SE,I4 Petrol,1999  (I4),250,240,6.2,50,Petrol,5,365
Acura,RDX Hybrid,Inline-4 Hybrid,"1,5",247,210,6.6,50,Hybrid,5,400
Kia,EV6 Wind,Electric Motor,77.4,225,190,5.2,50,Electric,5,350
TOYOTA,HILUX GR SPORT,"2.8L,TURBO,DIESEL","2,755",224,170,10.0,50,Petrol/Diesel,5,500
TOYOTA,HILUX REVO ROO,"2.8L,TURBO,DIESEL","2,755",204,175,10.0,50,Diesel,5,500
Jaguar Land Rover,Jaguar E-PACE,I4 Petrol,1999  (I4),200,230,7.0,50,Petrol,5,430
Jaguar Land Rover,Jaguar E-PACE S,I4 Petrol,1999  (I4),200,230,7.0,50,Petrol,5,430
Volkswagen,Arteon Shooting Brake,2.0L I4 Turbo,1984,150,250,5.6,50,Petrol,5,420
Volkswagen,Multivan,Plug-in Hybrid / Diesel I4,1395  / 1968,150,190,9.4,50,"Petrol, Hybrid",7,350
Tesla,Model Y Long Range,Dual Electric Motors (AWD),82,384,217,4.8,"50,49",Electric,5,559
Jeep,Wrangler 4xe,2.0L Turbo PHEV,17.3,375,180,6.4,"50,695",Hybrid,5,637
Chevrolet,Silverado 1500 RST,5.3L V8 Gasoline,5300,355,180,7.1,"50,895",Petrol,6,519
Cadillac,CT5-V,3.0L Twin-Turbo V6 Gasoline,3000,360,250,4.6,"50,995",Petrol,5,550
Nissan,Armada,5.6L V8,5552,400,210,6.5,51,Petrol,8,560
Kia,Telluride Nightfall Edition,3.8L V6,3778,291,240,7.0,51,Petrol,7,355
Cadillac,XT5 Sport,3.6L V6 Gasoline,3600,310,210,6.5,"51,095",Petrol,5,366
Kia,Stinger GT,3.3L Turbocharged V6,3300,365,270,4.7,"51,5",Petrol,5,510
Jeep,Gladiator Mojave Edition,3.6L V6 Pentastar Gasoline,3600,285,177,8.6,"51,57",Petrol,5,353
MERCEDES,BENZ C-CLASS C 43,V6,"2,996",402,250,4.7,52,Petrol,5,520
Acura,MDX Sport Hybrid,V6 Hybrid,"3,5",321,190,6.0,52,Hybrid,7,335
GMC,Sierra 1500 Elevation,2.7L Turbo engine,"2,713",310,180,7.0,52,Petrol,5,569
AUDI,S3 SEDAN,I4,"1,984",306,250,4.8,52,Petrol,5,400
HYUNDAI,Genesis,3.8L V6,"3,8",291,240,6.3,52,Petrol,5,400
HYUNDAI,Palisade,3.8L V6,"3,8",291,240,6.3,52,Petrol,7,355
Kia,Telluride SX Prestige,3.8L V6,3778,291,240,7.0,52,Petrol,7,355
Ford,Transit Electric (E-Transit),Electric Motor,89  (Electric),266,140,9.0,52,Electric,2–12,430
Ford,Everest,Turbocharged Inline-4,2,210,190,10.5,52,Diesel,7,500
TOYOTA,MIRAI,I4,"1,798",151,180,9.2,"52,4",Hydrogen,5,335
Ford,Explorer Plug-in Hybrid,V6 Hybrid + Electric Motor,"3,000  (petrol) + Electric Motor",457,225,6.0,53,Hybrid,7,825
MERCEDES,BENZ A-CLASS A 45 S,I4,"1,991",416,250,3.9,53,Petrol,5,500
MERCEDES,BENZ CLA 45 AMG,I4,1991,382,250,4.1,53,Petrol,5,500
Kia,Telluride Limited Edition,3.8L V6,3778,291,240,7.0,53,Petrol,7,355
MERCEDES,BENZ GLE 350,I4,"1,991",255,250,6.1,53,Petrol,5,500
Tesla,Model 3 Performance,Dual Electric Motors (AWD),82,450,261,3.1,"53,24",Electric,5,660
GMC,Sierra 1500 AT4,5.3L V8 Gasoline,5300,355,180,7.4,"53,8",Petrol,6,519
TOYOTA,GR SUPRA,I4,"2,998",382,250,4.1,"53,9",Petrol,2,500
MERCEDES,BENZ GLC 43,V6,"2,996",402,250,4.7,54,Petrol,5,520
Acura,TLX Type S PMC Edition,Turbocharged V6,3,355,250,5.1,54,Petrol,5,480
GMC,Acadia Denali,3.6L V6 engine,"3,564",310,210,6.5,"54,3",Petrol,7,366
Ford,F-150 Lightning,Electric Motor,Battery (98 ),452,180,4.5,55,Electric,5,1051
Ford,Mustang,5.0L V8,5,450,250,4.3,55,Petrol,4,530
Nissan,Skyline NISMO,3.0L Twin-Turbo V6,2997,420,270,4.7,55,Petrol,5,475
Ford,Explorer (2024),V6 Turbocharged,3,400,230,5.9,55,Petrol,7,563
Nissan,Titan XD,5.6L V8,5552,400,195,6.9,55,Petrol,6,560
Nissan,Titan Warrior,5.6L V8,5552,400,180,7.0,55,Petrol,5,560
Peugeot,308 PSE,Hybrid I4,"1,598  (petrol) + Electric Motor",360,250,5.0,55,Hybrid,5,520
Peugeot,508 PSE (Peugeot Sport Engineered),Hybrid I4 + Electric Motor,"1,599  (petrol) + Electric Motor",360,250,5.2,55,Hybrid,5,520
Peugeot,508 PSE (Peugeot Sport Engineered),Hybrid I4,"1,598  (petrol) + Electric Motor",360,250,5.2,55,Hybrid,5,520
Jaguar Land Rover,Jaguar XE S,I4 Petrol,1999  (I4),340,250,5.3,55,Petrol,5,450
Volkswagen,Touareg,3.0L V6 Turbo Diesel / 4.0L V8,2967  / 3956,340,235,5.9,55,"Petrol, Diesel",5,600
Acura,MDX Hybrid,V6 Hybrid,"3,5",321,190,6.0,55,Hybrid,7,335
GMC,Canyon AT4X Edition 1,3.6L V6 engine,"3,564",308,180,6.8,55,Petrol,5,373
Kia,Stinger Scorpion Edition,2.5L Turbocharged 4-Cylinder,2500,300,270,5.0,55,Petrol,5,422
Jaguar Land Rover,Jaguar XE P300 R-Dynamic,I4 Petrol,1999  (I4),300,250,5.5,55,Petrol,5,400
Jaguar Land Rover,Jaguar XE R-Sport AWD,I4 Petrol / V6 Petrol,1999  (I4) / 2995  (V6),300,250,5.5,55,Petrol,5,400
Nissan,300ZX Turbo,3.0L Twin-Turbo V6,2960,300,250,5.9,55,Petrol,4,384
Acura,MDX SH-AWD,V6,"3,500  (V6)",290,190,6.0,55,Petrol,7,362
Acura,MDX SH-AWD w/Technology Package,V6,"3,5",290,190,6.0,55,Petrol,7,362
Nissan,Patrol Super Safari,4.8L Inline-6,4750,280,190,8.2,55,Petrol,7,451
HYUNDAI,Equus,3.3L V6,"3,3",278,240,6.5,55,Petrol,5,400
HYUNDAI,Azera,3.3L V6,"3,3",278,240,6.5,55,Petrol,5,250
Acura,RDX Platinum Elite,I4 Turbocharged,"1,500  (I4)",272,210,6.6,55,Petrol,5,400
VOLVO,XC60,I6,"1,969",247,220,6.4,55,Petrol/Diesel,5,400
Jaguar Land Rover,Jaguar E-PACE R-Dynamic,I4 Petrol,1999  (I4),246,230,6.8,55,Petrol,5,430
TOYOTA,FORTUNER GR SPORT,"2.8L,TURBO,DIESEL","2,755",204,175,10.5,55,Diesel/Petrol,7,500
Volkswagen,ID. Buzz Cargo,Electric,77,204,145,10.2,55,Electric,3,310
Volkswagen,ID. Buzz Cargo Pro,Electric,77,204,145,10.2,55,Electric,2,310
Volkswagen,ID. Buzz Cargo EV,Electric,77,204,145,10.2,55,Electric,2,310
TOYOTA,PROACE VERSO ELECTRIC,ELECTRIC MOTOR,75,136,130,13.5,55,Electric,7,280
Chevrolet,Silverado 1500 Trail Boss,5.3L V8 Gasoline,5300,355,180,7.0,"55,895",Petrol,6,519
TOYOTA,TUNDRA I-FORCE MAX,"3.5L,V6,HYBRID TWIN-TURBO","3,445",437,180,6.2,56,Hybrid,5,750
GMC,Sierra 1500 SLT,5.3L V8 engine,"5,327",355,180,6.8,56,Petrol,5,519
Chevrolet,Silverado 2500HD LTZ,6.6L V8 Diesel,6600,445,160,8.4,"56,4",Diesel,6,1234
Ford,Explorer Platinum,Turbocharged V6,3,400,230,6.0,"56,505",Petrol,7,563
Chevrolet,Tahoe,5.3L V8 Gasoline,5300,355,200,7.5,"56,995",Petrol,7,519
Chevrolet,Tahoe LS,5.3L V8 Gasoline,5300,355,180,7.5,"56,995",Petrol,8,519
BMW,M340i XDRIVE,I6,"2,998",382,250,4.1,57,Petrol,5,500
BMW,530i,I4,"1,998",248,250,5.9,57,Petrol,5,400
Cadillac,XT6 Sport,3.6L V6 Gasoline,3600,310,210,6.9,"57,095",Petrol,7,366
GMC,Yukon,5.3L V8 Gasoline,5300,355,180,7.4,"57,4",Petrol,8,519
AUDI,A6,V6,"2,995",335,250,5.7,58,Petrol,5,600
Kia,EV6 First Edition,Electric Motor,77.4,320,230,5.0,58,Electric,5,450
Acura,MDX Elite,V6,"3,5",290,190,6.0,58,Petrol,7,362
Nissan,Patrol Super Safari Y61,4.8L Inline-6,4750,280,190,8.2,58,Petrol,7,451
Porsche,Macan Base,2.0L Turbo Inline-4,1984,265,232,6.4,58,Petrol,5,400
TOYOTA,LAND CRUISER 300,"3.3L,V6,TWIN TURBO DIESEL","3,346",305,210,6.8,"58,5",Petrol/Diesel,7,650
Cadillac,Lyriq EV,Single Electric Motor,100,340,190,5.7,"58,59",Electric,5,440
Nissan,Ariya,Dual Electric Motors,87,389,200,5.1,"58,95",Electric,5,600
AUDI,S4 SEDAN,V6,"2,995",349,250,4.7,59,Petrol,5,500
Ford,Mustang Shelby GT350,Naturally Aspirated V8,"5,2",526,280,4.0,"59,14",Petrol,2,582
Jeep,Grand Cherokee 4xe,2.0L Turbo PHEV,17.3,375,210,6.0,"59,865",Hybrid,5,637
Chevrolet,Suburban,5.3L V8 Gasoline,5300,355,190,7.6,"59,9",Petrol,8,519
Cadillac,Lyriq Launch Edition,Single Electric Motor,100,340,190,5.7,"59,99",Electric,5,440
Volkswagen,ID. Buzz,Electric,77,204,145,10.2,"59,995",Electric,7,310
Ford,Mustang (2024),V8 Gasoline Engine,5,450,250,4.5,60,Petrol,4,570
GMC,Sierra 2500HD Pro,6.6L V8 engine,"6,6",401,170,7.7,60,Petrol,3,629
Nissan,Pathfinder Armada,5.6L V8,5552,400,200,6.5,60,Petrol,7,560
Nissan,Ariya E-4ORCE,Dual Electric Motors,87,389,200,5.1,60,Electric,5,600
Ford,Expedition,3.5L EcoBoost / 5.4L V8,"3,500 - 5,400 ",375,180,6.5,60,Petrol,8,700
Peugeot,508 PSE,Hybrid I4,"1,598  (petrol) + Electric Motor",360,250,5.2,60,Hybrid,5,520
Ford,F-150,3.3L V6 / 5.0L V8 / 3.5L EcoBoost,"3,300 - 5,000 ",350,200,"5,5",60,Petrol/Diesel,5,550
Jaguar Land Rover,Jaguar XE R-Dynamic,I4 Petrol,1999  (I4),340,250,5.4,60,Petrol,5,450
Jaguar Land Rover,Jaguar XF Portfolio AWD,I4 Petrol / V6 Petrol,1999  (I4) / 2995  (V6),340,250,5.4,60,Petrol,5,450
Mazda,CX-90,3.3L Inline-6 Turbo,"3,3",340,240,6.2,60,Petrol,7,500
Volkswagen,Touareg V6,3.0L V6 Turbo Diesel / Gasoline,2967,340,235,7.5,60,Petrol,5,450
AUDI,Q7,V6,"2,995",335,250,6.3,60,Petrol,7,600
Kia,EV6 AWD GT-Line,Electric Motor,77.4,320,230,5.0,60,Electric,5,450
Ford,Explorer Hybrid,3.3L V6 + Electric,"3,3",318,180,7.5,60,Hybrid,7,500
GMC,Acadia Denali Ultimate,3.6L V6 engine,"3,564",310,210,6.5,60,Petrol,7,366
Jaguar Land Rover,Jaguar F-Type P300 Coupe,I4 Petrol,1999  (I4),300,250,5.5,60,Petrol,2,400
Jaguar Land Rover,Jaguar F-PACE,I4 Petrol / V6 Petrol,1999  (I4) / 2995  (V6),300,230,6,60,Petrol,5,400
TOYOTA,ALPHARD EXECUTIVE LOUNGE,"2.5L,INLINE-4,HYBRID,OR 3.5L,V6","HYBRID(2,494 ),V6(3,456 )",296,180,8.5,60,Petrol,7,400
VOLVO,S90,I6,"1,969",295,250,5.9,60,Petrol/Diesel,5,400
Acura,MDX Advance,V6,"3,500  (V6)",290,190,6.0,60,Petrol,7,362
Nissan,Cima,4.1L V8,4130,270,210,8.0,60,Petrol,5,390
Porsche,Macan,2.0L I4 Turbo,1984,261,232,6.2,60,Petrol,5,400
Jaguar Land Rover,Jaguar XF Sportbrake,I4 Petrol / V6 Petrol,1999  (I4) / 2995  (V6),250,250,6.5,60,Petrol,5,400
Nissan,Cedric Special Edition,3.0L V6,2960,250,225,8.5,60,Petrol,5,330
Jaguar Land Rover,Jaguar F-PACE S 30t AWD,I4 Petrol,1999  (I4),247,225,6.4,60,Petrol,5,365
VOLVO,XC90,I6,"1,969",247,200,6.5,60,Petrol/Diesel,7,400
Volkswagen,ID. Buzz Pro,Electric,77,204,145,10.2,60,Electric,7,310
Cadillac,CT4-V Blackwing,3.6L Twin-Turbo V6 Gasoline,3600,472,290,3.9,"60,495",Petrol,5,603
GMC,Yukon XL,6.2L V8 Gasoline,6200,420,200,6.9,"61,1",Petrol,8,624
Chevrolet,Silverado 1500 High Country,5.3L V8 Gasoline,5300,355,180,7.0,"61,595",Petrol,6,519
Nissan,Infiniti FX50*,5.0L V8,5026,390,250,5.6,"61,75",Petrol,5,500
GMC,Sierra 3500HD Pro,6.6L V8 engine,"6,6",401,170,7.8,62,Petrol,3,629
MERCEDES,BENZ E-CLASS E 450,V6,"2,996",362,250,5.2,62,Petrol,5,500
AUDI,SQ5,V6,"2,995",349,250,5.4,62,Petrol,5,500
Kia,EV6 First Edition AWD,Electric Motor,77.4,320,230,5.0,62,Electric,5,450
Acura,TLX PMC Edition,V6,"3,500  (V6)",290,250,5.7,62,Petrol,5,362
Chevrolet,Tahoe LT,5.3L V8 Gasoline,5300,355,180,7.4,"62,495",Petrol,8,519
Nissan,Ariya Lounge Edition,Dual Electric Motors,87,389,200,5.1,63,Electric,5,600
MERCEDES,BENZ GLE 450,V6,"2,996",362,250,5.5,63,Petrol,5,500
Porsche,Macan T,2.0L Turbo Inline-4,1984,265,233,6.2,63,Petrol,5,400
Porsche,718 Cayman,2.0L Turbocharged Flat-4,1988,300,275,4.9,"63,4",Petrol,2,380
Jeep,Wagoneer,5.7L V8 Gasoline with eTorque,5700,392,190,7.4,"63,595",Petrol,8,548
AUDI,S5 COUPE,V6,"2,995",349,250,4.8,64,Petrol,4,500
Chevrolet,Tahoe RST,5.3L V8 Gasoline,5300,355,180,7.4,"64,1",Petrol,7,519
Chevrolet,Tahoe RST,5.3L V8 Gasoline,5300,355,180,7.4,"64,1",Petrol,7,519
Chevrolet,Suburban LT,5.3L V8 Gasoline,5300,355,180,5.1,"64,4",Petrol,8,519
Ford,F-150 Platinum,Turbocharged V6,"3,5",400,180,6.5,"64,695",Petrol,5,678
Cadillac,Lyriq EV Premium,Dual Electric Motors,100,500,210,4.5,"64,99",Electric,5,620
Kia,EV6 GT Performance,Electric Motor,77.4,577,260,3.5,65,Electric,5,740
GMC,Sierra Denali CarbonPro,6.2L V8 engine,"6,162",420,200,5.8,65,Petrol,5,624
GMC,Yukon XL SLT,5.3L V8 engine,"5,327",355,210,7.3,65,Petrol,8,519
Jaguar Land Rover,Jaguar F-PACE R-Dynamic,I4 Petrol / V6 Petrol,1999  (I4) / 2995  (V6),340,250,5.4,65,Petrol,5,480
Jaguar Land Rover,Jaguar XF R-Dynamic,I4 Petrol / V6 Petrol,1999  (I4) / 2995  (V6),340,250,5.4,65,Petrol,5,480
Jaguar Land Rover,Jaguar F-PACE S AWD,I4 Petrol / V6 Petrol,1999  (I4) / 2995  (V6),340,250,5.4,65,Petrol,5,480
Jaguar Land Rover,Jaguar F-PACE Prestige AWD,I4 Petrol / V6 Petrol,1999  (I4) / 2995  (V6),340,250,5.4,65,Petrol,5,480
Porsche,Macan T,2.0L I4 Turbo,1984,261,232,6.2,65,Petrol,5,400
Nissan,Armada Platinum,5.6L V8,5552,400,210,6.5,"65,3",Petrol,8,560
Chevrolet,Tahoe Midnight Edition,5.3L V8 Gasoline,5300,355,180,7.5,"65,5",Petrol,8,519
Porsche,718 Boxster,2.0L Turbo Flat-4,1988,300,275,4.9,"65,5",Petrol,2,380
Chevrolet,Corvette,6.2L V8 Gasoline,6200,495,312,3.0,"65,895",Petrol,2,637
Chevrolet,Corvette Stingray,6.2L V8 Gasoline,6200,495,312,3.0,"65,895",Petrol,2,637
Chevrolet,Corvette Grand Sport,6.2L V8 Gasoline,6200,460,290,3.9,"65,9",Petrol,2,630
Jeep,Grand Cherokee Summit Reserve,5.7L V8 Gasoline,5700,357,190,7.3,"66,575",Petrol,5,529
Chevrolet,Tahoe Z71,5.3L V8 Gasoline,5300,355,180,7.6,"66,7",Petrol,7,519
GMC,Sierra Denali,6.2L V8 Gasoline,6200,420,190,6.7,"66,8",Petrol,6,624
Nissan,Ariya Premiere,Dual Electric Motors,87,389,200,5.1,67,Electric,5,600
Chevrolet,Camaro ZL1,6.2L Supercharged V8 Gasoline,6200,650,318,3.5,"67,3",Petrol,4,881
Nissan,Ariya Empower+,Dual Electric Motors,87,389,200,5.1,68,Electric,5,600
AUDI,A7,V6,"2,995",335,250,5.7,68,Petrol,5,600
BMW,X3 M COMPETITION,I6,"2,993",503,285,4.1,69,Petrol,5,650
Porsche,Cayenne Diesel (Regional Markets),3.0L Turbo Diesel V6,2967,262,221,7.3,69,Diesel,5,580
Porsche,718 Boxster T,2.0L Turbo Flat-4,1988,300,275,4.7,"69,6",Petrol,2,380
Tesla,Cybertruck,Tri Electric Motors,200,800,209,2.9,"69,9",Electric,6,1355
Volkswagen,Touareg R,Plug-in Hybrid V6,2995,462,250,5.1,70,Hybrid,5,700
Ford,F-150 Raptor,3.5L Twin-Turbo V6,"3,5",450,200,5.0,70,Petrol,5,691
Volkswagen,Touareg V8,4.0L V8 Turbo Diesel,3956,421,250,4.9,70,Petrol,5,770
Chevrolet,Tahoe Sport Edition,6.2L V8 Gasoline,6200,420,200,6.8,70,Petrol,7,624
GMC,Sierra 2500HD AT4,6.6L V8 engine,"6,6",401,170,7.5,70,Petrol,5,629
Nissan,Skyline 400R,3.0L Twin-Turbo V6,2997,400,250,4.5,70,Petrol,5,475
Ford,Bronco Raptor,3.0L Twin-Turbo V6,3,400,220,5.5,70,Petrol,4,583
Jaguar Land Rover,Jaguar I-PACE,Electric (Dual Motor),90  (Battery),400,200,4.8,70,Electric,5,696
Nissan,Pathfinder Armada Platinum,5.6L V8,5552,400,190,6.8,70,Petrol,7,560
Nissan,Ariya Dual Motor AWD,Dual Electric Motors,87,389,200,5.1,70,Electric,5,600
MERCEDES,BENZ CLS 450,V6,"2,996",362,250,5.2,70,Petrol,5,500
Jaguar Land Rover,Jaguar F-Type,V6 / V8 Petrol,2995  (V6),335,260,5.1,70,Petrol,2,450
Volkswagen,Amarok V8,4.0L V8 Turbo Diesel,3996,315,210,7.4,70,Diesel,5,580
Jaguar Land Rover,Jaguar F-Type R-Dynamic,I4 Petrol / V6 Petrol,1999  (I4) / 2995  (V6),300,250,5.1,70,Petrol,2,400
Nissan,President,4.5L V8,4494,280,210,7.5,70,Petrol,5,400
Nissan,Skyline GT-R R34,2.6L Twin-Turbo Inline-6,2568,276,250,5.6,70,Petrol,4,392
Volkswagen,California,2.0L Turbo I4,1984,150,180,13.0,70,Diesel,7,340
Porsche,Macan S,2.9L Twin-Turbo V6,2894,375,259,4.6,"70,4",Petrol,5,520
Nissan,Infiniti QX80*,5.6L V8,5552,400,210,6.5,"70,6",Petrol,7,560
MERCEDES,BENZ GLE 53,V6,"2,996",429,250,5.2,71,Petrol,5,620
GMC,Yukon AT4,5.3L V8 engine,"5,327",355,210,7.1,"71,505",Petrol,8,519
Chevrolet,Tahoe Premier,6.2L V8 Gasoline,6200,420,200,6.8,"71,6",Petrol,7,624
GMC,Sierra 3500HD AT4,6.6L V8 engine,"6,6",401,170,7.7,72,Petrol,5,629
GMC,Sierra 2500HD Denali,6.6L V8 Diesel,6600,401,175,7.5,"72,2",Diesel,6,1234
Porsche,Cayenne Base,3.0L Turbocharged V6,2995,335,245,5.9,"72,2",Petrol,5,450
GMC,Yukon Denali,6.2L V8 Gasoline,6200,420,200,6.8,"72,8",Petrol,8,624
GMC,Yukon XL AT4,5.3L V8 engine,"5,327",355,210,7.3,"73,305",Petrol,8,519
AUDI,E-TRON,ELECTRIC,95,402,200,5.5,75,Electric,5,664
GMC,Sierra 2500HD Denali Black Edition,6.6L V8 engine,"6,6",401,170,7.5,75,Petrol,5,629
Nissan,Skyline 50th Anniversary,3.0L Twin-Turbo V6,2997,400,250,4.5,75,Petrol,5,475
Jaguar Land Rover,Jaguar F-PACE P400e Plug-in Hybrid,I4 Petrol + Electric Motor,1999  (I4) + Electric,398,220,5.1,75,Plug-in Hybrid,5,640
Porsche,Macan S,2.9L V6 Twin Turbo,2894,375,259,4.8,75,Petrol,5,520
GMC,Yukon XL Elevation,5.3L V8 engine,"5,327",355,210,7.4,75,Petrol,8,519
Volvo,Volvo FL,5.1L I4 Turbo Diesel,5100,180,80,22.0,75,Diesel,2,800
Porsche,718 Cayman S,2.5L Turbocharged Flat-4,2497,350,285,4.4,"75,4",Petrol,2,420
Chevrolet,Silverado 3500HD High Country,6.6L V8 Diesel,6600,445,160,8.5,"75,7",Diesel,6,1234
BMW,M3 COMPETITION,I6,"2,993",503,285,3.5,76,Petrol,5,650
Chevrolet,Tahoe High Country,6.2L V8 Gasoline,6200,420,200,6.7,"76,7",Petrol,7,624
GMC,Yukon Denali Performance,6.2L V8 engine,"6,162",420,210,6.0,"76,805",Petrol,8,624
Nissan,Patrol Platinum,5.6L V8,5552,400,210,7.3,77,Petrol,7,560
Nissan,Patrol,5.6L V8,5552,400,210,7.3,77,Petrol,7,560
BMW,M550i XDRIVE,V8,"4,395",523,250,3.6,78,Petrol,5,650
AUDI,E-TRON SPORTBACK,ELECTRIC,95,402,200,5.5,78,Electric,5,664
GMC,Yukon Trailering Edition,5.3L V8 engine,"5,327",355,210,7.5,78,Petrol,8,519
Porsche,Cayenne Platinum Edition,3.0L Turbocharged V6,2995,335,245,5.8,79,Petrol,5,450
Cadillac,Escalade,6.2L V8 Gasoline,6200,420,210,6.8,"79,295",Petrol,7,624
Ford,Mustang Shelby GT500,Supercharged V8,"5,2",760,290,3.5,"79,42",Petrol,2,847
Ford,Expedition King Ranch,Turbocharged V6,"3,5",440,210,6.8,"79,56",Petrol,7–8,691
Jeep,Wagoneer S (Electric),Dual Electric Motors,100,600,177,4.5,80,Electric,5,850
GMC,Sierra 1500 Denali Ultimate,6.2L V8 engine,"6,162",420,200,5.8,80,Petrol,5,624
Jaguar Land Rover,Jaguar F-Type V6 S Convertible,V6 Petrol,2995  (V6),380,280,4.8,80,Petrol,2,460
Porsche,Cayenne,3.0L V6 Turbo,2995,335,245,5.9,80,Petrol,5,450
Jaguar Land Rover,Jaguar XJ50,V6 Petrol,2995  (V6),300,250,6.0,80,Petrol,5,400
BMW,M4 COMPETITION,I6,"2,993",503,290,3.8,81,Petrol,4,650
GMC,Yukon XL Denali Reserve,6.2L V8 engine,"6,162",420,210,6.0,82,Petrol,7,624
GMC,Sierra 1500 AT4X,6.2L V8 engine,"6,162",420,200,5.9,82,Petrol,5,624
Cadillac,Escalade ESV,6.2L V8 Gasoline,6200,420,205,6.9,"82,295",Petrol,7,624
Chevrolet,Suburban High Country,6.2L V8 Gasoline,6200,420,200,7.0,"82,4",Petrol,8,624
Jeep,Wrangler 392,6.4L V8 HEMI Gasoline,6400,470,160,4.5,"82,495",Petrol,4,637
Porsche,Macan GTS,2.9L Twin-Turbo V6,2894,434,272,4.3,"82,9",Petrol,5,550
BMW,M2 CS,I6,"2,993",444,280,4.0,83,Petrol,4,550
Ford,F-150 Limited,Turbocharged V6,"3,5",450,190,6.1,"84,91",Petrol,5,678
Porsche,Macan EV,Dual Electric Motors,95,603,240,4.0,85,Electric,5,750
Jaguar Land Rover,Jaguar F-PACE SVR,V8 Petrol,5000  (V8),550,283,4.0,85,Petrol,5,700
Porsche,Macan GTS,2.9L V6 Twin Turbo,2894,434,272,4.5,85,Petrol,5,550
GMC,Sierra HD Denali Reserve,6.6L V8 engine,"6,6",401,170,7.5,85,Petrol,5,629
Nissan,Patrol Royale,5.6L V8,5552,400,210,6.6,85,Petrol,7,560
Jaguar Land Rover,Jaguar I-PACE Electric Performance,Electric (Dual Motor),90  (Battery),400,200,4.5,85,Electric,5,696
Jaguar Land Rover,Jaguar I-PACE EV400 HSE,Electric (Dual Motor),90  (Battery),400,200,4.5,85,Electric,5,696
Jaguar Land Rover,Jaguar I-PACE First Edition,Electric (Dual Motor),90  (Battery),400,200,4.5,85,Electric,5,696
Nissan,Patrol Black Edition,5.6L V8,5552,400,200,6.5,85,Petrol,7,560
TOYOTA,TOYOTA LAND CRUISER,V8,"5,663",381,220,6.7,85,Diesel,7,500
Porsche,Cayenne Coupe,3.0L V6 Turbo,2995,335,245,6.0,85,Petrol,5,450
Volkswagen,Phaeton,3.0L V6 Diesel / 6.0L W12 Gas,2967  / 5998,300,250,6.1,85,Petrol,5,560
Jaguar Land Rover,Jaguar XJ,V6 Petrol,2995  (V6),300,250,6.0,85,Petrol,5,400
Volvo,Volvo FE,7.7L I6 Turbo Diesel,7700,280,90,20.0,85,Diesel,2,1200
Porsche,Cayenne S Hybrid,3.0L V6 + Electric Motor,2995,380,242,6.5,"85,5",Hybrid,5,580
AUDI,A8,V6,"2,995",335,250,5.7,86,Petrol,5,600
Porsche,Taycan,Dual Electric Motors,79.2,402,230,5.4,"86,7",Electric,4,344
Porsche,Taycan Base,Dual Electric Motors,79.2,321,230,5.4,"86,7",Electric,4,345
Porsche,Panamera,2.9L V6 Twin Turbo,2894,330,270,5.6,88,Petrol,4,450
Tesla,Model S,Dual Electric Motors,100,670,250,3.1,"88,49",Electric,5,967
Jaguar Land Rover,Jaguar XJ Supercharged,V8 Petrol,5000  (V8),510,280,4.2,90,Petrol,5,625
Jaguar Land Rover,Jaguar F-Type P450 AWD,V8 Petrol,5000  (V8),450,290,4.0,90,Petrol,2,600
GMC,Yukon Denali Ultimate Black,6.2L V8 engine,"6,162",420,210,6.0,90,Petrol,8,624
Jaguar Land Rover,Jaguar I-PACE HSE,Electric (Dual Motor),90  (Battery),400,200,4.5,90,Electric,5,696
Jaguar Land Rover,Jaguar XJ LWB (Long Wheelbase),V6 Petrol,2995  (V6),300,250,6.0,90,Petrol,5,400
MERCEDES,BENZ S-CLASS S 350,I4,"1,991",255,250,6.5,90,Petrol,5,500
Porsche,718 Boxster GTS,4.0L Naturally Aspirated Flat-6,3995,394,293,4.3,"90,3",Petrol,2,430
Porsche,Taycan Sport Turismo Base,Dual Electric Motors,79.2,375,230,5.4,"90,5",Electric,4,500
Porsche,Cayenne E-Hybrid,3.0L V6 + Electric Motor,2995,455,253,4.8,91,Hybrid,5,700
Jeep,Grand Wagoneer,6.4L V8 Gasoline,6400,471,190,6.0,"91,495",Petrol,8,617
Cadillac,CT5-V Blackwing,6.2L Supercharged V8 Gasoline,6200,668,320,3.4,92,Petrol,5,893
Porsche,Panamera 4,2.9L V6 Twin Turbo,2894,330,270,5.4,92,Petrol,4,450
Porsche,Panamera Base,2.9L Twin-Turbo V6,2894,325,265,5.6,"92,3",Petrol,4,450
GMC,Yukon XL Denali Ultimate,6.2L V8 Gasoline,6200,420,200,6.7,"93,8",Petrol,8,624
Porsche,Cayenne S Coupe,2.9L Twin-Turbo V6,2894,434,263,4.7,"94,3",Petrol,4,550
Porsche,Taycan Cross Turismo 4,Dual Electric Motors,93.4,375,240,5.1,"94,8",Electric,4,500
Porsche,Cayenne S,2.9L V6 Twin Turbo,2894,434,265,5.0,95,Petrol,5,550
Nissan,Patrol Desert Edition,5.6L V8,5552,428,210,6.5,95,Petrol,7,560
Nissan,Patrol Warrior,5.6L V8,5552,428,205,6.3,95,Petrol,7,580
Nissan,Patrol Legend Edition,5.6L V8,5552,428,205,6.3,95,Petrol,7,580
Porsche,Panamera 4 Executive,2.9L V6 Twin Turbo,2894,330,270,5.6,95,Petrol,4,450
AUDI,S7 SPORTBACK,V8,"3,993",563,305,4.3,96,Petrol,5,650
Porsche,Taycan Cross Turismo,Dual Electric Motors,93.4,469,220,4.8,"97,7",Electric,5,500
Nissan,Patrol Titanium,5.6L V8,5552,428,210,6.5,98,Petrol,7,560
Porsche,718 Spyder,4.0L Naturally Aspirated Flat-6,3995,414,301,4.1,"98,3",Petrol,2,420
Porsche,Panamera Platinum Edition,2.9L Twin-Turbo V6,2894,325,265,5.6,"98,3",Petrol,4,450
Tesla,Model X,Dual Electric Motors (AWD),100,670,250,3.8,"98,49",Electric,7,967
MERCEDES,BENZ GT 53,V6,"2,996",429,250,4.5,99,Petrol,5,700
Jaguar Land Rover,Jaguar F-Type V8 R,V8 Petrol,5000  (V8),550,300,3.9,100,Petrol,2,680
Jaguar Land Rover,Jaguar F-Type 75th Anniversary Edition,V8 Petrol,5000  (V8),550,300,3.9,100,Petrol,2,680
Jaguar Land Rover,Jaguar F-Type Coupe R,V8 Petrol,5000  (V8),550,300,3.9,100,Petrol,2,680
Porsche,718 Cayman GT4,4.0L Naturally Aspirated Flat-6,3995,414,302,4.2,"100,2",Petrol,2,420
AUDI,S8,V8,"3,993",563,305,4.3,101,Petrol,5,800
Porsche,Panamera 4 Sport Turismo,2.9L Twin-Turbo V6,2894,325,265,5.5,"101,4",Petrol,4,450
MERCEDES,BENZ EQS 53,ELECTRIC MOTOR,N/A,751,250,3.4,102,Electric,5,950
Porsche,Panamera Platinum Edition,2.9L V6 Twin Turbo,2894,330,270,5.4,102,Petrol,4,450
Porsche,Taycan 4S,Dual Electric Motors,79.2,522,250,4,"103,8",Electric,4,640
MERCEDES,BENZ E-CLASS E 63 S,V8,"3,982",603,250,3.4,104,Petrol,5,850
Porsche,Taycan Sport Turismo,Dual Electric Motors,79.2,509,240,4.1,104,Electric,5,650
Cadillac,Escalade Platinum,6.2L V8 Gasoline,6200,420,210,6.8,"104,595",Petrol,7,624
Porsche,Panamera 4S,2.9L Twin-Turbo V6,2894,443,289,4.1,105,Petrol,4,550
Porsche,Panamera 4S,2.9L V6 Twin Turbo,2894,440,289,4.4,105,Petrol,4,550
Nissan,Patrol NISMO,5.6L V8,5552,428,210,6.5,105,Petrol,7,560
GMC,Hummer EV SUV,Dual-Motor Electric,212,625,170,3.5,"105,6",Electric,5,1000
Porsche,911 Carrera Base,3.0L Twin-Turbo Flat-6,2981,379,293,4.2,"106,1",Petrol,4,450
Porsche,911 Carrera 4,3.0L Twin-Turbo Flat-6,2981,379,293,4.2,"106,5",Petrol,4,450
BMW,M850i DRIVE COUPE,V8,"4,935",523,285,3.7,108,Petrol,4,750
Tesla,Model S Plaid,Tri Electric Motors,100,1020,322,2.1,"108,49",Electric,5,1400
GMC,Hummer EV Pickup,Dual-Motor Electric,212,625,170,3.0,"108,7",Electric,5,1000
AUDI,RS6 AVANT,V8,"3,993",591,305,3.6,109,Petrol,5,800
MERCEDES,BENZ S-CLASS S 500,V6,"2,996",429,250,4.9,109,Petrol,5,700
Jaguar Land Rover,Jaguar F-Type Heritage Edition,V8 Petrol,5000  (V8),550,300,3.9,110,Petrol,2,680
Porsche,Cayenne GTS,4.0L V8 Twin Turbo,3996,453,270,4.5,110,Petrol,5,620
Porsche,911 Carrera,3.0L Flat-6 Twin Turbo,2981,379,293,4.2,110,Petrol,4,450
Porsche,Cayenne GTS Coupe,4.0L Twin-Turbo V8,3996,453,270,4.5,"111,2",Petrol,4,620
MERCEDES,BENZ GLE 63 S,V8,"3,982",603,250,4.2,113,Petrol,5,850
NISSAN,GT-R,V6,"3,799",600,315,2.9,113,Petrol,4,637
Porsche,Panamera 4 E-Hybrid,2.9L Twin-Turbo V6 + Electric Motor,2894,462,280,4.4,"113,3",Hybrid,4,700
Porsche,911 Carrera 4S,3.0L Twin-Turbo Flat-6,2981,443,306,3.4,"113,3",Petrol,4,528
Porsche,911 Carrera 4,3.0L Twin-Turbo Flat-6,2981,379,293,4.4,"113,3",Petrol,4,450
Tesla,Model X Plaid,Tri Electric Motors,100,1020,262,2.6,"113,49",Electric,6,1400
AUDI,RS7 SPORTBACK,V8,"3,993",591,305,3.6,114,Petrol,5,800
BMW,X5 M COMPETITION,V8,"4,935",523,285,4.1,114,Petrol,5,750
Porsche,Panamera E-Hybrid,2.9L V6 + Electric Motor,17.9  Battery,455,280,4.4,115,Hybrid (Petrol),4,700
MERCEDES,BENZ S-CLASS S 580,V8,"3,982",496,250,4.4,116,Petrol,5,700
Porsche,911 Sport Turismo,3.0L Twin-Turbo Flat-6,2981,379,293,4.4,116,Petrol,4,450
Jaguar Land Rover,Jaguar F-Type SVR,V8 Petrol,5000  (V8),575,320,3.7,120,Petrol,2,700
Porsche,Panamera 4 E-Hybrid Sport Turismo,2.9L V6 + Electric Motor,17.9  Battery,455,280,4.4,120,Hybrid (Petrol),4,700
Porsche,911 Targa 4,3.0L Twin-Turbo Flat-6,2981,379,289,4.4,"121,3",Petrol,4,450
Porsche,Panamera 4S E-Hybrid Executive,2.9L Twin-Turbo V6 + Electric Motor,2894,560,295,3.7,"128,9",Hybrid,4,750
Porsche,911 Carrera S Cabriolet,3.0L Twin-Turbo Flat-6,2981,443,304,3.9,"129,9",Petrol,4,530
Porsche,Cayenne Turbo,4.0L V8 Twin Turbo,3996,541,286,4.0,130,Petrol,5,770
Porsche,Panamera GTS,4.0L V8 Twin Turbo,3996,473,300,3.9,130,Petrol,4,620
Porsche,911 Carrera S,3.0L Twin-Turbo Flat-6,2981,443,308,3.5,"131,3",Petrol,4,528
Porsche,Taycan GTS,Dual Electric Motors,93.4,590,250,3.5,"132,75",Electric,4,850
BMW,M4 GTS,I6,"2,993",493,305,3.7,133,Petrol,4,600
Porsche,911 Targa 4 Lightweight,3.0L Twin-Turbo Flat-6,2981,379,289,4.3,"135,5",Petrol,4,450
Porsche,Taycan Sport Turismo GTS,Dual Electric Motors,93.4,590,250,3.7,"136,7",Electric,4,620
Porsche,Panamera GTS Sport Turismo,4.0L Twin-Turbo V8,3996,473,300,3.9,"136,9",Petrol,4,620
Porsche,911 Carrera 4 GTS,3.0L Twin-Turbo Flat-6,2981,473,311,3.3,137,Petrol,4,570
Porsche,Taycan Cross Turismo GTS,Dual Electric Motors,93.4,590,250,3.8,"139,4",Electric,4,620
Porsche,718 Cayman GT4 RS,4.0L Naturally Aspirated Flat-6,3996,493,315,3.2,"141,7",Petrol,2,450
BMW,M5 CS,V8,"4,395",627,305,3.0,142,Petrol,5,750
ASTON MARTIN,VANTAGE,V8,"3,996",503,313,3.6,142,Petrol,2,685
Porsche,911 Carrera GTS Lightweight,3.0L Twin-Turbo Flat-6,2981,473,311,3.2,"145,3",Petrol,4,570
BMW,M8 GRAN COUPE,V8,"4,395",523,305,3.3,146,Petrol,5,750
Cadillac,Escalade V,6.2L Supercharged V8 Gasoline,6200,682,200,4.4,"149,99",Petrol,7,885
Acura,NSX GT3 (Track Version),Twin-Turbo V6 Hybrid,"3,493",500,300,3.0,150,Hybrid,2,600
Volkswagen,Volkswagen XL1,Plug-in Hybrid (0.8L I2 Diesel),800  + Electric Motor,68,160,11.9,150,Hybrid,2,140
Porsche,Taycan Turbo,Dual Electric Motors,93.4,670,260,3.2,"150,9",Electric,4,850
Acura,NSX Type S,Twin-Turbo V6 Hybrid,"3,493  (V6)",600,307,2.9,157,Hybrid,2,666
Acura,NSX 3.5L Hybrid Coupe,Twin-Turbo V6 Hybrid,"3,493",537,307,2.9,157,Hybrid,2,666
Acura,NSX Carbon Edition,Twin-Turbo V6 Hybrid,"3,493",537,307,2.9,157,Hybrid,2,666
Porsche,911 Targa 4 GTS,3.0L Twin-Turbo Flat-6,2981,473,307,3.5,"157,3",Petrol,4,570
MERCEDES,GT 63 S,V8,"3,982",630,250,3.2,161,Petrol,4,900
Porsche,911 GT3,4.0L Naturally Aspirated Flat-6,3996,502,318,3.4,"161,1",Petrol,2,469
BMW,I8 ROADSTER,ELECTRIC MOTOR,11.6,369,250,4.4,165,Hybrid,2,570
Porsche,Cayenne Turbo S E-Hybrid Coupe,4.0L Twin-Turbo V8 + Electric Motor,3996,670,295,3.6,"167,8",Hybrid,4,900
Porsche,Cayenne Turbo S E-Hybrid,4.0L V8 + Electric Motor,17.9  Battery,670,295,3.6,170,Hybrid (Petrol),5,900
Porsche,911 GT3 Touring,4.0L Naturally Aspirated Flat-6,3996,502,318,3.9,170,Petrol,2,470
TOYOTA,CENTURY SUV,"3.5L,V6,PLUG IN HYBRID","3,456",406,200,6.0,170,Petrol,5,500
Nissan,GT-R V-Spec,3.8L Twin-Turbo V6,3799,600,330,2.8,175,Petrol,2,652
Porsche,Panamera Turbo Executive,4.0L Twin-Turbo V8,3996,550,306,3.8,"175,2",Petrol,4,770
Porsche,Panamera Turbo S,4.0L V8 Twin Turbo,3996,620,315,3.1,180,Petrol,4,820
Porsche,Cayenne Turbo GT,4.0L Twin-Turbo V8,3996,631,300,3.3,"182,15",Petrol,4,850
Porsche,Cayenne Coupe Turbo E-Hybrid,4.0L Twin-Turbo V8 + Electric Motor,3996,728,295,3.6,"182,9",Hybrid,4,950
Porsche,911 Turbo Cabriolet,3.8L Twin-Turbo Flat-6,3745,572,320,2.9,"184,1",Petrol,4,750
Porsche,Taycan Turbo S,Dual Electric Motors,93.4,750,260,2.8,185,Electric,4,1050
Nissan,GT-R Black Edition,3.8L Twin-Turbo V6,3799,600,330,2.8,185,Petrol,2,652
ASTON MARTIN,DBX,V8,"3,996",542,291,4.5,189,Petrol,5,700
Porsche,Taycan Turbo S Cross Turismo,Dual Electric Motors,93.4,750,260,2.9,190,Electric,4,1050
Porsche,Panamera Turbo S E-Hybrid,4.0L V8 + Electric Motor,17.9  Battery,690,315,3.2,190,Hybrid (Petrol),4,870
Porsche,911 Turbo Cabriolet Lightweight,3.8L Twin-Turbo Flat-6,3745,572,318,3.0,"191,3",Petrol,4,750
ASTON MARTIN,VANTAGE F1,V8,"3,982",656,314,3.6,"193,44",Petrol,2,685
AUDI,R8 V10 PLUS,V10,"5,204",610,330,3.2,194,Petrol,2,560
Porsche,911 Turbo,3.8L Twin-Turbo Flat-6,3745,572,320,2.7,"197,2",Petrol,4,750
Tesla,Roadster 2,Quad Electric Motors,200,1288,402,1.9,200,Electric,4,1000
MERCEDES,BENZ MAYBACH S 680,V12,"5,98",630,250,4.7,200,Petrol,5,1000
